product_id,warehouse,stock_quantity,reorder_level,last_stock_update,is_active,created_at,updated_at
1,Mumbai Warehouse,166,25,2026-01-22,True,2026-04-01 02:34:44,2026-07-15 05:17:21
2,Delhi Warehouse,88,47,2025-12-18,True,2026-02-20 00:16:27,2026-07-07 13:36:45
3,Delhi Warehouse,318,47,2026-03-11,True,2026-03-10 17:05:47,2026-07-15 19:00:58
4,Mumbai Warehouse,461,26,2026-06-07,True,2025-12-25 06:14:33,2026-06-27 18:08:09
5,Delhi Warehouse,121,22,2026-04-13,True,2026-01-26 05:21:28,2026-06-28 18:28:12
6,Bengaluru Warehouse,300,29,2025-11-08,True,2026-02-01 12:10:33,2026-06-19 01:00:25
7,Bengaluru Warehouse,297,26,2025-12-02,True,2025-09-10 11:24:31,2026-06-19 21:24:38
8,Delhi Warehouse,6,33,2026-06-19,True,2026-02-20 16:59:21,2026-07-12 02:31:01
9,Mumbai Warehouse,53,10,2026-03-28,True,2025-10-16 15:30:32,2026-06-29 05:18:45
10,Chennai Warehouse,75,36,2026-04-24,True,2025-12-25 20:22:48,2026-06-29 17:08:22
11,Delhi Warehouse,484,28,2026-02-20,True,2026-02-25 18:25:23,2026-06-16 18:55:38
12,Chennai Warehouse,27,49,2025-11-01,True,2026-02-03 15:00:26,2026-07-10 20:06:54
13,Delhi Warehouse,21,50,2025-09-05,True,2025-11-12 20:08:44,2026-06-30 11:09:00
14,Hyderabad Warehouse,252,33,2026-02-25,True,2026-01-10 03:47:17,2026-07-07 01:16:06
15,Delhi Warehouse,401,30,2025-08-20,True,2026-02-24 23:03:26,2026-07-09 16:13:16
16,Bengaluru Warehouse,202,20,2026-03-16,True,2025-07-30 13:20:22,2026-07-14 16:38:17
17,Hyderabad Warehouse,432,30,2026-03-09,True,2025-11-01 00:15:58,2026-07-06 11:20:15
18,Mumbai Warehouse,29,11,2026-02-08,True,2026-01-03 02:24:38,2026-07-04 16:35:07
19,Mumbai Warehouse,379,21,2025-11-22,True,2025-12-06 17:24:26,2026-06-27 15:55:58
20,Chennai Warehouse,109,43,2026-03-28,True,2025-09-28 11:01:26,2026-06-23 01:44:36
21,Delhi Warehouse,40,49,2026-06-19,True,2026-01-22 16:29:36,2026-07-04 16:52:46
22,Delhi Warehouse,198,37,2025-08-26,True,2025-10-23 15:31:09,2026-07-12 15:02:35
23,Bengaluru Warehouse,319,21,2025-11-28,True,2026-03-29 19:34:18,2026-06-21 03:17:29
24,Hyderabad Warehouse,386,14,2026-01-28,True,2025-10-05 08:15:25,2026-06-21 16:35:12
25,Delhi Warehouse,341,27,2026-03-30,True,2025-10-13 10:34:26,2026-06-30 00:57:17
26,Chennai Warehouse,461,22,2025-09-21,True,2026-01-24 07:27:35,2026-07-01 01:16:08
27,Hyderabad Warehouse,302,43,2026-03-03,True,2025-12-21 23:55:13,2026-06-28 14:50:21
28,Delhi Warehouse,298,29,2026-02-02,True,2026-02-28 07:24:25,2026-07-03 20:07:15
29,Hyderabad Warehouse,432,22,2025-11-25,True,2026-02-14 14:29:16,2026-06-17 19:08:08
30,Bengaluru Warehouse,12,46,2025-07-21,True,2025-08-17 05:38:11,2026-06-28 01:49:46
31,Delhi Warehouse,278,16,2025-10-05,True,2025-10-05 19:35:53,2026-07-05 20:19:59
32,Chennai Warehouse,458,25,2026-04-22,True,2025-11-11 09:01:03,2026-06-17 23:46:04
33,Bengaluru Warehouse,305,11,2025-12-08,True,2025-07-25 12:11:03,2026-07-07 02:53:08
34,Delhi Warehouse,95,24,2026-07-11,True,2026-06-04 13:41:49,2026-07-09 03:24:08
35,Delhi Warehouse,274,14,2025-10-06,True,2025-12-24 09:42:20,2026-07-06 17:03:46
36,Delhi Warehouse,201,29,2025-11-05,True,2025-11-26 19:00:46,2026-06-20 15:48:08
37,Bengaluru Warehouse,334,37,2025-09-01,True,2025-12-23 22:53:24,2026-06-18 23:35:14
38,Mumbai Warehouse,497,38,2025-10-20,True,2025-11-02 08:47:56,2026-06-22 11:43:33
39,Delhi Warehouse,230,37,2025-08-25,True,2026-05-28 00:52:50,2026-06-22 00:21:13
40,Hyderabad Warehouse,401,40,2026-05-13,True,2025-09-11 00:21:54,2026-07-15 04:12:17
41,Bengaluru Warehouse,57,46,2025-11-28,True,2025-09-24 21:04:04,2026-06-24 06:32:39
42,Mumbai Warehouse,55,33,2026-05-07,True,2026-01-07 18:58:39,2026-07-06 14:48:14
43,Bengaluru Warehouse,482,21,2026-03-23,True,2025-09-07 02:02:33,2026-06-18 01:18:09
44,Mumbai Warehouse,450,11,2026-02-05,True,2026-05-19 00:15:33,2026-06-30 17:47:30
45,Mumbai Warehouse,445,19,2025-08-20,True,2026-03-24 03:52:38,2026-07-11 18:23:27
46,Delhi Warehouse,160,37,2026-01-11,True,2026-03-02 19:33:38,2026-07-06 14:15:43
47,Chennai Warehouse,364,19,2026-05-14,True,2025-09-19 10:59:04,2026-07-14 02:27:25
48,Delhi Warehouse,260,19,2026-01-15,True,2026-01-15 04:54:40,2026-07-04 09:02:12
49,Delhi Warehouse,421,49,2026-04-23,True,2026-04-01 23:09:09,2026-06-18 19:17:13
50,Delhi Warehouse,424,10,2026-01-02,True,2026-06-09 12:40:27,2026-06-29 04:07:44
51,Chennai Warehouse,309,19,2026-07-05,True,2025-08-31 08:53:02,2026-06-24 13:48:00
52,Hyderabad Warehouse,253,20,2026-06-02,True,2025-07-17 23:50:29,2026-07-07 07:48:25
53,Delhi Warehouse,226,39,2025-10-21,True,2025-08-19 01:17:41,2026-07-05 04:47:50
54,Delhi Warehouse,257,47,2025-11-29,True,2025-07-28 12:02:59,2026-06-26 02:22:11
55,Hyderabad Warehouse,433,37,2026-03-12,True,2025-10-29 22:12:30,2026-06-24 07:36:29
56,Chennai Warehouse,319,40,2026-02-20,True,2025-11-26 10:58:25,2026-07-04 02:26:06
57,Chennai Warehouse,201,29,2026-05-12,True,2025-10-24 10:31:48,2026-07-11 19:50:53
58,Bengaluru Warehouse,189,42,2025-09-07,True,2025-08-09 05:24:13,2026-06-23 12:35:16
59,Mumbai Warehouse,42,33,2025-07-15,True,2025-11-10 19:32:53,2026-07-02 18:42:59
60,Bengaluru Warehouse,225,23,2026-02-06,True,2026-01-05 08:12:31,2026-06-28 22:28:38
61,Mumbai Warehouse,56,22,2026-01-28,True,2026-01-14 12:37:55,2026-07-03 12:39:57
62,Bengaluru Warehouse,132,16,2025-12-24,True,2025-08-02 07:53:22,2026-06-21 16:38:18
63,Bengaluru Warehouse,500,33,2026-02-15,True,2026-01-28 08:41:19,2026-06-19 03:31:10
64,Delhi Warehouse,254,17,2025-07-23,True,2025-07-16 15:19:21,2026-07-03 02:25:52
65,Mumbai Warehouse,100,28,2026-06-17,True,2025-08-23 09:20:10,2026-06-16 19:58:39
66,Hyderabad Warehouse,456,15,2025-10-31,True,2026-05-07 10:01:41,2026-06-25 21:39:34
67,Chennai Warehouse,287,38,2025-08-24,True,2025-11-25 15:07:17,2026-07-10 01:16:26
68,Chennai Warehouse,86,40,2025-08-07,True,2025-12-16 09:21:09,2026-07-16 12:46:27
69,Mumbai Warehouse,486,24,2026-06-02,True,2026-02-16 18:05:56,2026-06-23 00:45:57
70,Hyderabad Warehouse,106,17,2025-12-10,True,2026-02-17 18:43:10,2026-06-19 23:58:42
71,Bengaluru Warehouse,108,31,2026-01-07,True,2026-03-26 16:11:57,2026-06-18 05:15:36
72,Chennai Warehouse,299,23,2025-11-11,True,2026-02-02 16:43:40,2026-06-25 12:18:54
73,Hyderabad Warehouse,147,18,2026-06-28,True,2026-02-27 00:40:56,2026-06-19 04:06:59
74,Mumbai Warehouse,419,43,2025-10-10,True,2025-09-02 08:32:18,2026-07-13 19:34:22
75,Chennai Warehouse,139,21,2025-08-09,True,2025-12-21 15:20:21,2026-07-03 07:36:14
76,Mumbai Warehouse,271,47,2025-07-30,True,2025-09-29 08:30:04,2026-07-11 18:38:13
77,Delhi Warehouse,454,27,2025-10-16,True,2025-07-19 12:14:28,2026-06-25 20:33:14
78,Chennai Warehouse,118,21,2025-09-10,True,2026-03-12 22:58:37,2026-07-11 19:44:53
79,Delhi Warehouse,441,17,2025-08-28,True,2025-12-16 18:54:42,2026-07-11 00:12:33
80,Delhi Warehouse,29,41,2025-10-23,True,2025-09-12 13:10:44,2026-07-05 11:01:21
81,Bengaluru Warehouse,474,15,2026-03-20,True,2025-09-27 21:59:16,2026-06-20 18:52:46
82,Chennai Warehouse,387,42,2026-03-01,True,2026-02-15 03:35:46,2026-06-22 16:10:38
83,Chennai Warehouse,156,25,2026-01-24,True,2025-10-02 20:32:51,2026-06-30 03:52:05
84,Delhi Warehouse,310,17,2026-01-14,True,2025-12-07 20:38:16,2026-07-06 03:57:17
85,Hyderabad Warehouse,319,23,2026-02-20,True,2026-01-22 19:09:13,2026-07-09 14:34:02
86,Delhi Warehouse,35,41,2025-11-16,True,2026-05-20 22:46:53,2026-06-26 01:56:09
87,Chennai Warehouse,97,37,2025-07-20,True,2025-08-16 03:15:02,2026-06-30 09:42:50
88,Bengaluru Warehouse,278,48,2025-09-06,True,2026-06-06 04:25:04,2026-06-30 12:56:20
89,Delhi Warehouse,340,31,2026-05-11,True,2026-01-30 09:19:55,2026-07-07 10:13:17
90,Chennai Warehouse,212,48,2026-02-20,True,2025-09-22 17:33:42,2026-06-24 15:07:16
91,Hyderabad Warehouse,91,38,2025-08-04,True,2026-02-26 05:07:57,2026-07-03 22:29:12
92,Mumbai Warehouse,270,47,2026-05-07,True,2025-07-30 12:59:41,2026-07-02 10:20:14
93,Mumbai Warehouse,433,48,2025-12-20,True,2026-01-31 15:40:19,2026-06-23 13:14:14
94,Mumbai Warehouse,1,34,2026-07-03,True,2025-08-28 18:56:06,2026-06-22 10:07:29
95,Bengaluru Warehouse,288,32,2026-06-29,True,2025-12-27 21:35:48,2026-06-28 23:24:31
96,Bengaluru Warehouse,44,16,2026-06-30,True,2026-02-03 06:17:11,2026-06-27 22:44:28
97,Hyderabad Warehouse,200,33,2025-10-25,True,2026-04-04 19:34:54,2026-07-15 09:58:51
98,Bengaluru Warehouse,89,50,2026-01-29,True,2026-02-28 18:09:34,2026-06-22 18:40:05
99,Chennai Warehouse,455,32,2026-04-26,True,2026-05-05 09:50:07,2026-06-30 02:36:12
100,Mumbai Warehouse,46,18,2026-05-24,True,2026-04-18 21:32:14,2026-06-19 16:00:10
101,Bengaluru Warehouse,331,31,2026-03-10,True,2025-09-16 22:36:51,2026-07-15 15:33:28
102,Delhi Warehouse,418,41,2026-02-27,True,2026-03-01 09:58:09,2026-06-18 05:46:08
103,Chennai Warehouse,112,44,2025-12-19,True,2025-12-01 01:50:55,2026-06-30 03:17:18
104,Bengaluru Warehouse,485,33,2026-03-12,True,2025-10-17 12:34:11,2026-07-15 18:57:09
105,Delhi Warehouse,313,22,2026-02-12,True,2026-04-07 11:57:21,2026-07-11 18:19:55
106,Hyderabad Warehouse,426,17,2026-02-12,True,2025-11-25 19:05:12,2026-07-07 05:02:07
107,Hyderabad Warehouse,378,22,2025-12-28,True,2025-09-22 20:08:43,2026-07-07 14:46:34
108,Hyderabad Warehouse,430,27,2026-02-14,True,2025-08-11 00:41:19,2026-06-20 19:06:56
109,Bengaluru Warehouse,240,41,2026-03-06,True,2025-10-01 01:52:13,2026-07-07 21:46:58
110,Bengaluru Warehouse,433,45,2025-09-04,True,2025-09-07 22:16:31,2026-07-10 07:08:26
111,Hyderabad Warehouse,97,29,2025-08-30,True,2025-10-02 13:26:16,2026-07-03 10:01:01
112,Mumbai Warehouse,186,21,2026-02-01,True,2026-01-23 21:24:51,2026-07-09 23:07:48
113,Mumbai Warehouse,467,22,2025-09-30,True,2025-09-22 11:51:09,2026-07-05 14:49:01
114,Chennai Warehouse,163,20,2025-07-21,True,2025-08-14 17:37:14,2026-06-29 07:29:19
115,Hyderabad Warehouse,222,11,2026-04-24,True,2025-11-22 23:09:58,2026-06-27 13:06:37
116,Delhi Warehouse,165,38,2026-03-14,True,2026-04-07 13:22:16,2026-06-21 01:57:54
117,Hyderabad Warehouse,265,30,2026-04-11,True,2025-12-15 19:17:26,2026-07-05 12:02:46
118,Bengaluru Warehouse,391,18,2026-05-01,True,2025-08-22 13:19:27,2026-06-18 08:47:51
119,Mumbai Warehouse,67,48,2025-07-28,True,2026-01-26 06:33:32,2026-06-16 23:26:41
120,Hyderabad Warehouse,453,26,2025-09-09,True,2026-04-04 20:08:57,2026-07-02 14:43:38
121,Mumbai Warehouse,144,48,2026-04-15,True,2025-10-23 09:20:46,2026-07-07 23:42:20
122,Hyderabad Warehouse,458,21,2026-01-12,True,2026-01-22 04:33:28,2026-07-09 10:03:51
123,Delhi Warehouse,72,19,2025-08-26,True,2026-05-13 23:06:05,2026-06-30 03:54:41
124,Mumbai Warehouse,405,17,2026-06-27,True,2025-10-27 00:20:47,2026-07-05 22:16:29
125,Hyderabad Warehouse,327,16,2026-01-14,True,2025-11-02 10:58:51,2026-07-04 16:25:07
126,Bengaluru Warehouse,375,10,2025-12-12,True,2025-09-05 10:54:54,2026-07-13 15:32:21
127,Chennai Warehouse,358,50,2026-01-20,True,2025-11-28 05:00:54,2026-06-28 19:30:15
128,Delhi Warehouse,263,45,2026-02-24,True,2026-05-09 11:35:04,2026-07-09 03:06:26
129,Chennai Warehouse,206,47,2026-03-01,True,2025-10-08 08:08:02,2026-06-30 03:48:26
130,Hyderabad Warehouse,339,23,2026-01-19,True,2026-04-30 02:01:33,2026-06-17 08:09:44
131,Bengaluru Warehouse,435,11,2026-03-12,True,2026-03-30 03:55:47,2026-07-01 16:54:54
132,Chennai Warehouse,208,37,2025-08-21,True,2025-08-28 20:44:18,2026-06-19 06:48:09
133,Hyderabad Warehouse,152,17,2025-07-23,True,2026-05-29 08:01:14,2026-06-29 21:09:39
134,Chennai Warehouse,50,25,2026-03-30,True,2025-09-27 11:17:24,2026-07-03 16:51:40
135,Bengaluru Warehouse,263,18,2025-08-15,True,2026-03-29 03:58:27,2026-07-14 08:01:33
136,Chennai Warehouse,445,27,2025-09-09,True,2025-11-19 08:36:19,2026-07-16 10:07:22
137,Hyderabad Warehouse,89,28,2026-01-09,True,2025-08-28 05:21:41,2026-07-14 11:26:42
138,Chennai Warehouse,345,33,2025-12-07,True,2026-01-03 08:08:37,2026-06-22 03:52:36
139,Hyderabad Warehouse,328,13,2026-04-18,True,2026-01-16 23:21:40,2026-06-25 08:02:52
140,Hyderabad Warehouse,305,48,2025-10-01,True,2026-04-12 07:05:38,2026-06-30 22:16:15
141,Delhi Warehouse,282,16,2025-10-01,True,2026-03-05 01:14:22,2026-07-04 06:40:04
142,Mumbai Warehouse,54,12,2026-04-08,True,2026-02-20 10:57:41,2026-06-18 06:01:02
143,Mumbai Warehouse,287,44,2025-12-16,True,2025-10-20 11:23:47,2026-06-26 17:51:11
144,Delhi Warehouse,427,12,2026-02-01,True,2026-02-21 06:53:15,2026-07-04 02:53:10
145,Mumbai Warehouse,377,47,2026-06-26,True,2026-01-07 15:02:45,2026-07-12 02:30:01
146,Hyderabad Warehouse,152,38,2025-09-08,True,2026-01-16 00:22:20,2026-06-20 21:37:43
147,Hyderabad Warehouse,331,31,2025-11-01,True,2025-10-30 08:06:03,2026-06-19 15:06:04
148,Delhi Warehouse,24,23,2026-02-16,True,2025-10-31 07:40:19,2026-07-10 01:34:14
149,Chennai Warehouse,492,49,2025-11-16,True,2026-01-17 02:35:20,2026-06-18 16:25:17
150,Hyderabad Warehouse,384,29,2026-06-19,True,2026-02-25 13:36:33,2026-07-05 06:55:31
151,Delhi Warehouse,271,27,2026-04-07,True,2025-09-18 06:28:14,2026-06-26 04:53:06
152,Chennai Warehouse,336,40,2026-02-08,True,2026-04-16 23:22:29,2026-06-26 16:50:44
153,Chennai Warehouse,107,30,2025-07-30,True,2026-01-02 17:26:25,2026-06-29 23:32:14
154,Bengaluru Warehouse,456,49,2025-12-12,True,2026-03-26 09:12:26,2026-06-28 11:25:50
155,Mumbai Warehouse,278,25,2026-06-24,True,2026-02-21 10:39:45,2026-06-21 04:14:59
156,Hyderabad Warehouse,37,44,2026-07-07,True,2025-10-12 18:52:54,2026-06-28 14:32:08
157,Bengaluru Warehouse,465,38,2025-07-20,True,2025-12-01 08:49:05,2026-07-08 23:16:09
158,Bengaluru Warehouse,25,17,2025-10-09,True,2026-01-03 23:06:20,2026-06-17 09:48:54
159,Mumbai Warehouse,399,50,2025-08-29,True,2026-01-08 14:03:25,2026-07-11 01:48:56
160,Mumbai Warehouse,82,18,2025-10-25,True,2025-08-13 11:33:27,2026-07-12 14:31:21
161,Chennai Warehouse,55,31,2026-03-13,True,2026-04-13 00:31:49,2026-06-21 09:18:49
162,Bengaluru Warehouse,259,13,2026-05-29,True,2026-06-16 00:59:55,2026-06-17 04:33:17
163,Delhi Warehouse,366,17,2025-07-16,True,2025-11-26 19:04:50,2026-07-03 06:12:23
164,Mumbai Warehouse,147,24,2026-06-04,True,2026-04-19 23:26:36,2026-07-09 06:29:23
165,Mumbai Warehouse,476,16,2025-10-13,True,2025-08-15 23:37:29,2026-06-25 03:18:25
166,Chennai Warehouse,60,41,2026-06-21,True,2026-01-24 02:06:47,2026-06-25 21:11:39
167,Bengaluru Warehouse,428,38,2026-03-02,True,2025-10-11 22:17:38,2026-06-28 12:48:04
168,Chennai Warehouse,92,33,2025-07-23,True,2026-05-10 14:51:42,2026-07-03 06:01:42
169,Mumbai Warehouse,202,16,2025-08-24,True,2026-04-22 03:29:53,2026-06-21 04:46:20
170,Delhi Warehouse,92,23,2026-05-06,True,2025-10-29 03:30:42,2026-07-03 07:22:54
171,Mumbai Warehouse,93,21,2025-10-11,True,2025-07-21 23:24:13,2026-06-27 20:39:40
172,Mumbai Warehouse,245,38,2025-11-27,True,2025-11-12 22:12:50,2026-07-09 10:31:37
173,Bengaluru Warehouse,465,38,2025-08-05,True,2025-11-19 07:37:07,2026-07-14 07:54:34
174,Chennai Warehouse,331,42,2026-01-28,True,2026-01-30 15:37:01,2026-07-06 14:11:47
175,Chennai Warehouse,113,48,2026-05-21,True,2026-05-06 16:51:49,2026-07-07 21:18:26
176,Bengaluru Warehouse,488,40,2026-02-23,True,2025-12-10 11:50:03,2026-07-01 11:55:02
177,Hyderabad Warehouse,186,20,2025-08-03,True,2025-12-13 03:42:39,2026-06-17 13:20:36
178,Bengaluru Warehouse,319,21,2026-01-26,True,2026-06-15 08:37:33,2026-07-03 21:37:20
179,Bengaluru Warehouse,493,26,2025-11-11,True,2026-01-14 15:30:01,2026-07-12 10:37:54
180,Delhi Warehouse,92,39,2026-04-06,True,2026-02-03 04:59:02,2026-06-30 00:54:42
181,Chennai Warehouse,403,23,2025-12-06,True,2026-06-07 08:52:00,2026-07-05 21:56:56
182,Chennai Warehouse,471,47,2026-03-13,True,2025-12-12 19:57:57,2026-07-02 05:30:09
183,Chennai Warehouse,311,29,2025-10-01,True,2025-08-21 15:24:08,2026-07-11 15:21:23
184,Hyderabad Warehouse,467,39,2025-08-14,True,2025-09-01 13:55:01,2026-07-10 18:14:43
185,Delhi Warehouse,357,15,2026-04-08,True,2026-04-07 20:13:02,2026-06-24 09:17:16
186,Delhi Warehouse,411,31,2026-02-21,True,2025-08-29 14:51:07,2026-07-13 03:15:13
187,Chennai Warehouse,343,26,2025-08-21,True,2025-12-23 06:47:25,2026-07-11 11:47:59
188,Bengaluru Warehouse,42,25,2025-10-14,True,2026-02-21 08:52:50,2026-07-12 06:34:49
189,Bengaluru Warehouse,284,48,2025-09-30,True,2025-09-06 11:01:14,2026-06-29 06:09:17
190,Chennai Warehouse,425,28,2025-12-04,True,2025-10-18 23:20:39,2026-07-09 18:57:05
191,Bengaluru Warehouse,225,48,2026-07-06,True,2026-02-09 07:17:06,2026-06-20 18:46:17
192,Mumbai Warehouse,320,25,2025-12-15,True,2025-11-26 09:11:44,2026-07-14 10:15:31
193,Hyderabad Warehouse,266,34,2026-05-07,True,2026-02-28 19:03:38,2026-07-08 22:17:27
194,Hyderabad Warehouse,475,37,2026-05-11,True,2025-12-13 02:22:01,2026-06-16 14:29:58
195,Bengaluru Warehouse,143,24,2025-08-31,True,2025-10-30 08:40:35,2026-07-06 18:23:41
196,Hyderabad Warehouse,2,40,2026-04-17,True,2026-02-01 00:32:31,2026-06-28 10:51:07
197,Mumbai Warehouse,430,27,2025-11-11,True,2025-11-11 21:47:16,2026-07-05 12:13:33
198,Chennai Warehouse,265,32,2025-12-05,True,2026-05-06 10:37:11,2026-06-26 10:04:33
199,Mumbai Warehouse,434,10,2026-05-17,True,2025-12-07 22:38:06,2026-07-06 04:06:28
200,Bengaluru Warehouse,111,45,2026-07-02,True,2025-10-22 05:46:04,2026-06-27 05:14:35
201,Hyderabad Warehouse,119,39,2026-03-19,True,2025-11-17 07:11:48,2026-07-16 11:21:55
202,Chennai Warehouse,488,26,2025-08-24,True,2026-04-13 23:53:58,2026-06-26 11:21:06
203,Chennai Warehouse,229,43,2026-06-23,True,2026-04-21 16:21:58,2026-06-30 06:42:22
204,Bengaluru Warehouse,18,31,2025-08-14,True,2026-03-02 01:14:25,2026-07-15 01:44:28
205,Chennai Warehouse,433,17,2026-05-19,True,2025-08-31 20:39:14,2026-07-03 10:47:36
206,Chennai Warehouse,108,40,2025-10-17,True,2026-02-18 23:07:50,2026-06-30 12:21:03
207,Bengaluru Warehouse,215,10,2026-02-07,True,2026-03-10 06:05:18,2026-06-22 16:03:16
208,Mumbai Warehouse,60,19,2026-07-02,True,2025-12-05 17:37:33,2026-06-23 07:32:47
209,Chennai Warehouse,200,36,2026-06-21,True,2025-11-30 19:32:55,2026-07-03 22:35:04
210,Delhi Warehouse,74,49,2026-04-13,True,2025-10-26 16:18:34,2026-06-25 16:50:15
211,Chennai Warehouse,1,26,2025-12-23,True,2026-01-31 17:37:08,2026-07-11 07:11:54
212,Delhi Warehouse,112,43,2025-10-25,True,2025-12-31 14:23:54,2026-06-21 05:47:16
213,Delhi Warehouse,296,25,2025-09-20,True,2026-01-28 23:27:17,2026-06-18 07:46:04
214,Mumbai Warehouse,296,11,2025-10-10,True,2026-02-22 22:36:57,2026-06-30 21:55:07
215,Chennai Warehouse,320,26,2025-12-29,True,2026-02-20 00:50:12,2026-07-06 13:02:56
216,Chennai Warehouse,231,28,2026-02-12,True,2026-01-01 13:56:29,2026-07-01 00:44:03
217,Hyderabad Warehouse,161,44,2026-04-15,True,2026-05-23 02:53:30,2026-06-24 06:55:29
218,Delhi Warehouse,13,36,2025-08-04,True,2026-03-05 23:15:35,2026-07-10 05:29:00
219,Hyderabad Warehouse,47,24,2026-02-26,True,2025-11-13 02:48:02,2026-07-07 02:41:51
220,Hyderabad Warehouse,469,14,2026-02-18,True,2025-09-03 15:44:37,2026-07-15 11:40:44
221,Delhi Warehouse,457,36,2026-05-21,True,2025-10-16 03:08:07,2026-07-07 19:27:29
222,Delhi Warehouse,120,33,2025-10-25,True,2025-11-30 15:42:03,2026-06-21 13:22:31
223,Bengaluru Warehouse,105,36,2025-10-02,True,2026-05-18 18:52:59,2026-06-24 13:08:36
224,Mumbai Warehouse,146,32,2026-03-28,True,2026-02-09 22:33:18,2026-06-22 15:37:07
225,Mumbai Warehouse,252,49,2025-10-17,True,2026-01-30 06:09:29,2026-07-13 02:21:30
226,Delhi Warehouse,296,31,2025-08-11,True,2026-01-25 10:05:04,2026-07-14 12:28:43
227,Bengaluru Warehouse,331,22,2025-09-23,True,2026-05-21 09:50:18,2026-07-09 18:49:16
228,Delhi Warehouse,155,38,2025-08-26,True,2026-01-21 10:39:38,2026-07-11 04:16:56
229,Delhi Warehouse,53,28,2026-03-27,True,2026-05-28 01:56:38,2026-07-04 22:44:25
230,Bengaluru Warehouse,42,18,2025-12-14,True,2026-06-05 01:09:47,2026-06-25 20:00:19
231,Delhi Warehouse,141,32,2025-11-06,True,2026-02-07 12:31:14,2026-06-18 01:01:45
232,Chennai Warehouse,42,14,2025-12-30,True,2025-10-26 04:21:40,2026-06-29 12:05:20
233,Chennai Warehouse,325,50,2025-09-17,True,2025-10-29 21:35:30,2026-06-28 11:34:58
234,Delhi Warehouse,333,11,2025-08-29,True,2026-04-30 13:12:22,2026-06-26 05:31:22
235,Chennai Warehouse,423,50,2025-08-29,True,2025-12-11 10:21:48,2026-07-03 06:02:21
236,Mumbai Warehouse,58,19,2025-09-22,True,2025-11-10 09:45:24,2026-07-14 01:28:04
237,Hyderabad Warehouse,266,50,2026-07-02,True,2025-12-20 04:35:31,2026-06-16 18:26:27
238,Delhi Warehouse,349,44,2025-11-10,True,2025-08-24 04:12:15,2026-07-01 20:13:02
239,Bengaluru Warehouse,65,31,2026-04-09,True,2026-01-06 10:28:51,2026-07-05 22:22:48
240,Delhi Warehouse,457,39,2025-11-08,True,2026-01-27 14:35:52,2026-06-20 04:17:36
241,Hyderabad Warehouse,285,23,2026-03-09,True,2025-08-31 06:09:51,2026-06-27 06:19:30
242,Bengaluru Warehouse,240,49,2026-01-07,True,2026-02-21 07:54:33,2026-07-05 16:22:23
243,Chennai Warehouse,65,27,2026-04-25,True,2025-12-30 21:49:37,2026-07-15 10:26:00
244,Chennai Warehouse,457,35,2026-06-15,True,2025-10-05 01:25:51,2026-07-15 06:06:43
245,Bengaluru Warehouse,319,19,2025-10-31,True,2026-02-06 20:44:52,2026-06-23 07:38:43
246,Mumbai Warehouse,464,10,2026-03-27,True,2025-11-23 03:09:25,2026-06-17 08:49:46
247,Chennai Warehouse,31,36,2025-12-05,True,2026-02-13 09:28:26,2026-07-09 05:07:19
248,Bengaluru Warehouse,251,16,2026-05-04,True,2025-09-24 14:07:34,2026-07-10 12:09:14
249,Chennai Warehouse,328,39,2026-01-09,True,2025-11-28 09:37:12,2026-07-15 21:52:47
250,Delhi Warehouse,398,33,2026-01-25,True,2025-08-20 23:27:36,2026-06-24 01:27:55
251,Chennai Warehouse,414,42,2025-10-19,True,2026-05-28 09:29:28,2026-07-01 17:41:58
252,Mumbai Warehouse,440,23,2026-07-01,True,2026-06-03 11:27:03,2026-07-10 16:36:52
253,Hyderabad Warehouse,497,33,2025-11-05,True,2026-02-23 06:52:01,2026-07-07 19:15:07
254,Bengaluru Warehouse,124,36,2026-03-01,True,2026-02-24 17:16:03,2026-06-24 13:35:36
255,Chennai Warehouse,355,35,2025-08-14,True,2025-08-13 00:33:34,2026-07-08 02:00:54
256,Delhi Warehouse,11,19,2026-01-14,True,2025-08-09 06:32:50,2026-06-19 23:28:27
257,Chennai Warehouse,219,30,2025-11-07,True,2026-04-25 19:38:57,2026-07-04 02:19:30
258,Hyderabad Warehouse,206,40,2026-05-10,True,2026-03-17 21:01:29,2026-07-11 04:54:23
259,Chennai Warehouse,410,29,2025-08-31,True,2025-11-07 18:36:38,2026-06-22 01:53:06
260,Chennai Warehouse,249,39,2026-05-10,True,2025-09-10 09:47:51,2026-06-22 07:44:32
261,Mumbai Warehouse,391,37,2025-10-06,True,2025-08-26 13:27:13,2026-06-17 02:13:51
262,Bengaluru Warehouse,315,45,2026-04-30,True,2025-08-26 15:21:35,2026-06-30 10:25:30
263,Delhi Warehouse,107,33,2026-03-12,True,2026-05-07 00:55:18,2026-06-19 17:54:15
264,Delhi Warehouse,294,15,2025-10-20,True,2026-05-28 22:46:21,2026-07-08 14:14:46
265,Chennai Warehouse,345,19,2025-11-27,True,2026-01-12 05:10:58,2026-07-11 20:08:29
266,Mumbai Warehouse,90,20,2026-01-21,True,2026-01-30 17:18:41,2026-07-01 09:54:26
267,Bengaluru Warehouse,463,46,2026-03-05,True,2025-08-02 04:45:56,2026-07-07 00:04:17
268,Bengaluru Warehouse,249,20,2026-01-23,True,2025-08-20 04:07:12,2026-07-09 18:27:08
269,Delhi Warehouse,433,16,2025-12-28,True,2025-11-18 22:19:42,2026-06-18 01:14:53
270,Mumbai Warehouse,248,41,2026-04-15,True,2025-10-19 03:32:39,2026-06-25 16:33:48
271,Mumbai Warehouse,196,46,2025-11-01,True,2026-05-27 07:36:42,2026-06-23 23:52:15
272,Chennai Warehouse,304,24,2026-07-05,True,2025-11-26 13:33:33,2026-07-03 09:35:12
273,Hyderabad Warehouse,178,50,2026-05-17,True,2025-09-19 19:20:07,2026-06-17 00:43:50
274,Mumbai Warehouse,441,16,2025-10-08,True,2025-09-19 02:02:38,2026-07-05 16:37:46
275,Mumbai Warehouse,302,23,2025-11-24,True,2026-03-30 12:54:27,2026-06-18 02:23:30
276,Mumbai Warehouse,51,46,2025-07-25,True,2026-05-05 22:10:15,2026-07-01 00:05:49
277,Bengaluru Warehouse,226,20,2025-11-06,True,2026-06-05 23:14:34,2026-06-21 21:16:15
278,Delhi Warehouse,76,50,2026-06-08,True,2025-07-22 08:51:29,2026-06-30 19:40:10
279,Bengaluru Warehouse,336,24,2026-02-22,True,2026-05-03 08:05:39,2026-06-22 03:54:08
280,Hyderabad Warehouse,144,21,2025-08-18,True,2025-09-17 15:04:11,2026-07-14 08:14:24
281,Bengaluru Warehouse,220,35,2026-05-12,True,2026-04-14 07:04:43,2026-06-20 03:27:12
282,Mumbai Warehouse,306,34,2026-06-05,True,2026-06-04 12:48:40,2026-06-18 12:45:18
283,Delhi Warehouse,67,16,2026-02-21,True,2025-07-22 22:43:44,2026-07-06 10:58:27
284,Bengaluru Warehouse,272,44,2025-07-25,True,2025-10-08 22:29:51,2026-07-01 17:34:56
285,Delhi Warehouse,403,10,2026-03-20,True,2025-12-28 14:59:23,2026-07-03 12:55:28
286,Chennai Warehouse,352,42,2025-08-05,True,2025-12-02 02:47:00,2026-06-29 21:17:44
287,Hyderabad Warehouse,139,12,2025-11-25,True,2026-05-04 18:21:25,2026-07-15 08:29:34
288,Chennai Warehouse,321,48,2026-06-14,True,2026-05-20 02:59:41,2026-07-13 18:58:15
289,Bengaluru Warehouse,241,45,2026-04-07,True,2026-05-11 14:44:49,2026-07-16 05:10:21
290,Chennai Warehouse,214,19,2026-01-27,True,2025-10-11 16:01:08,2026-06-17 01:23:35
291,Chennai Warehouse,405,28,2025-08-07,True,2025-10-27 18:53:42,2026-07-06 06:30:40
292,Delhi Warehouse,308,48,2025-11-26,True,2025-08-28 02:53:33,2026-06-17 01:12:57
293,Chennai Warehouse,146,48,2026-05-04,True,2025-08-25 22:04:28,2026-07-07 22:32:44
294,Mumbai Warehouse,390,47,2026-01-08,True,2025-10-09 21:30:15,2026-06-28 04:00:55
295,Bengaluru Warehouse,182,34,2025-08-19,True,2026-04-25 20:06:50,2026-07-04 15:52:30
296,Chennai Warehouse,320,45,2026-01-15,True,2026-01-09 07:00:31,2026-06-18 23:28:38
297,Mumbai Warehouse,405,10,2026-05-11,True,2026-05-22 17:27:54,2026-06-27 01:03:24
298,Bengaluru Warehouse,474,14,2026-06-04,True,2025-10-21 07:25:59,2026-06-21 07:01:38
299,Chennai Warehouse,109,40,2025-12-21,True,2025-11-04 05:40:02,2026-06-20 05:37:50
300,Chennai Warehouse,195,16,2025-08-19,True,2026-02-28 05:22:54,2026-07-01 22:53:48
301,Delhi Warehouse,444,11,2026-05-03,True,2025-09-20 17:28:05,2026-06-18 19:00:39
302,Bengaluru Warehouse,50,17,2025-09-30,True,2025-08-01 06:15:47,2026-07-02 21:19:43
303,Delhi Warehouse,162,23,2026-05-28,True,2025-08-09 17:54:13,2026-07-09 05:23:41
304,Delhi Warehouse,74,16,2026-04-10,True,2025-12-23 09:11:15,2026-07-01 23:31:57
305,Bengaluru Warehouse,75,41,2026-03-07,True,2025-07-24 19:01:15,2026-06-30 23:26:36
306,Hyderabad Warehouse,0,23,2025-07-30,False,2026-04-25 19:36:08,2026-06-25 09:53:12
307,Mumbai Warehouse,460,41,2025-11-10,True,2025-07-18 06:40:30,2026-07-12 08:35:34
308,Hyderabad Warehouse,88,43,2026-06-08,True,2025-09-27 09:49:20,2026-06-22 11:40:11
309,Bengaluru Warehouse,472,29,2025-08-28,True,2025-10-30 11:47:48,2026-07-12 13:13:57
310,Bengaluru Warehouse,38,23,2025-10-18,True,2026-01-23 13:05:31,2026-06-29 12:32:21
311,Mumbai Warehouse,69,14,2026-05-17,True,2025-08-02 23:20:11,2026-07-04 17:44:07
312,Mumbai Warehouse,93,21,2026-05-08,True,2025-10-09 01:23:04,2026-06-25 08:26:37
313,Chennai Warehouse,22,36,2025-10-13,True,2025-08-31 16:01:56,2026-07-01 17:08:14
314,Mumbai Warehouse,108,24,2025-11-12,True,2025-08-15 20:56:07,2026-06-20 16:12:20
315,Mumbai Warehouse,92,37,2026-01-07,True,2025-08-15 04:01:00,2026-06-26 22:59:38
316,Mumbai Warehouse,490,13,2026-02-06,True,2026-04-28 05:35:34,2026-07-14 13:28:16
317,Mumbai Warehouse,63,22,2025-11-03,True,2025-07-21 17:57:15,2026-07-11 10:29:26
318,Hyderabad Warehouse,151,22,2025-07-23,True,2025-07-21 18:00:42,2026-06-23 07:20:06
319,Bengaluru Warehouse,176,41,2025-08-12,True,2026-01-03 23:21:59,2026-06-20 19:11:58
320,Delhi Warehouse,326,25,2026-03-03,True,2025-10-24 12:21:10,2026-06-24 19:55:58
321,Mumbai Warehouse,404,34,2026-04-15,True,2026-06-04 23:38:53,2026-07-15 12:39:34
322,Chennai Warehouse,99,12,2026-02-17,True,2025-12-22 05:28:26,2026-07-09 09:49:49
323,Bengaluru Warehouse,410,38,2025-09-21,True,2025-08-31 21:48:59,2026-07-09 15:36:01
324,Hyderabad Warehouse,307,46,2026-01-14,True,2026-02-15 00:44:46,2026-07-15 19:02:57
325,Chennai Warehouse,192,47,2026-05-25,True,2025-11-28 06:07:43,2026-07-08 06:43:41
326,Bengaluru Warehouse,173,40,2026-01-25,True,2025-08-30 06:00:27,2026-07-04 12:14:54
327,Chennai Warehouse,53,14,2025-08-11,True,2026-03-21 00:50:48,2026-07-01 08:38:35
328,Hyderabad Warehouse,56,39,2026-06-01,True,2025-12-20 21:14:15,2026-06-16 15:24:26
329,Mumbai Warehouse,213,43,2025-08-18,True,2026-05-31 10:25:32,2026-07-06 16:52:29
330,Delhi Warehouse,490,20,2025-10-09,True,2026-03-26 10:12:03,2026-07-02 08:15:03
331,Mumbai Warehouse,204,26,2026-02-15,True,2026-04-16 23:20:11,2026-07-02 23:57:09
332,Mumbai Warehouse,305,37,2025-11-07,True,2025-12-08 17:03:30,2026-06-17 06:01:38
333,Hyderabad Warehouse,382,11,2026-05-27,True,2026-04-30 22:40:46,2026-06-27 03:43:18
334,Hyderabad Warehouse,247,35,2025-09-22,True,2026-02-21 04:09:15,2026-06-30 03:54:43
335,Hyderabad Warehouse,293,11,2026-06-23,True,2026-02-06 09:14:18,2026-07-14 21:27:40
336,Bengaluru Warehouse,492,21,2025-09-10,True,2026-02-28 11:49:50,2026-07-08 11:51:45
337,Hyderabad Warehouse,357,46,2026-06-27,True,2025-08-22 23:01:58,2026-06-19 22:20:04
338,Chennai Warehouse,108,40,2026-03-25,True,2025-08-19 19:30:20,2026-07-09 18:05:08
339,Bengaluru Warehouse,44,11,2025-09-30,True,2025-08-05 08:57:20,2026-06-27 14:40:44
340,Bengaluru Warehouse,169,35,2025-10-23,True,2026-03-04 03:01:39,2026-06-25 17:45:03
341,Hyderabad Warehouse,190,14,2025-10-13,True,2025-07-26 15:16:13,2026-07-12 02:19:16
342,Mumbai Warehouse,108,45,2026-07-04,True,2026-03-21 07:45:38,2026-06-17 18:04:48
343,Hyderabad Warehouse,187,46,2026-01-04,True,2025-12-29 03:40:12,2026-07-06 09:57:53
344,Bengaluru Warehouse,499,27,2025-08-29,True,2025-10-31 09:37:17,2026-07-08 19:17:01
345,Delhi Warehouse,144,47,2026-04-03,True,2026-02-05 06:14:37,2026-06-28 06:57:49
346,Bengaluru Warehouse,60,11,2025-11-24,True,2026-02-01 04:22:34,2026-06-22 15:25:12
347,Mumbai Warehouse,6,47,2025-12-02,True,2025-12-28 16:51:24,2026-07-14 00:44:28
348,Bengaluru Warehouse,207,13,2026-05-02,True,2025-09-25 11:59:52,2026-07-01 14:07:29
349,Hyderabad Warehouse,142,27,2026-04-10,True,2025-11-27 11:36:43,2026-07-06 12:49:19
350,Chennai Warehouse,98,31,2026-02-22,True,2026-05-15 20:08:57,2026-06-24 13:10:45
351,Mumbai Warehouse,401,17,2025-11-20,True,2025-11-08 23:55:33,2026-07-16 13:22:33
352,Delhi Warehouse,81,45,2025-07-24,True,2025-08-13 11:27:21,2026-06-23 00:07:59
353,Hyderabad Warehouse,179,39,2025-09-29,True,2026-04-21 02:57:00,2026-07-13 08:50:43
354,Mumbai Warehouse,218,39,2025-11-28,True,2026-03-19 16:14:53,2026-07-04 13:47:49
355,Chennai Warehouse,318,22,2025-11-01,True,2025-12-05 12:27:12,2026-06-29 07:30:14
356,Chennai Warehouse,140,13,2025-07-27,True,2025-12-17 18:54:16,2026-07-13 08:56:23
357,Bengaluru Warehouse,492,37,2026-04-10,True,2025-10-21 20:26:22,2026-06-21 22:56:27
358,Chennai Warehouse,5,22,2026-05-22,True,2025-10-27 11:14:51,2026-06-17 12:35:28
359,Mumbai Warehouse,284,38,2025-09-27,True,2025-11-16 20:09:11,2026-07-07 06:52:28
360,Hyderabad Warehouse,372,47,2025-11-27,True,2026-01-16 04:27:48,2026-06-29 20:09:28
361,Bengaluru Warehouse,368,31,2026-04-15,True,2026-06-15 19:36:55,2026-07-11 05:54:37
362,Delhi Warehouse,402,22,2025-09-09,True,2025-10-25 14:11:37,2026-06-23 00:17:49
363,Mumbai Warehouse,339,42,2025-11-22,True,2026-04-14 22:33:46,2026-07-03 20:10:08
364,Hyderabad Warehouse,208,36,2026-05-02,True,2026-02-27 05:53:41,2026-07-01 17:54:29
365,Delhi Warehouse,428,20,2025-10-02,True,2025-08-26 16:22:19,2026-06-20 17:55:31
366,Bengaluru Warehouse,185,23,2026-05-11,True,2025-07-18 17:01:34,2026-07-03 06:36:24
367,Hyderabad Warehouse,418,48,2025-07-23,True,2026-04-26 23:13:25,2026-07-15 09:57:51
368,Chennai Warehouse,105,43,2025-08-13,True,2026-04-08 12:52:37,2026-06-26 02:22:29
369,Hyderabad Warehouse,20,25,2026-06-27,True,2025-11-23 18:06:51,2026-06-28 02:49:27
370,Hyderabad Warehouse,91,32,2025-10-13,True,2025-08-25 17:35:47,2026-07-04 05:58:06
371,Delhi Warehouse,245,18,2025-09-04,True,2025-08-19 03:26:57,2026-06-20 14:01:09
372,Chennai Warehouse,175,25,2026-03-31,True,2025-09-01 03:19:41,2026-06-21 06:51:19
373,Bengaluru Warehouse,88,31,2025-07-30,True,2025-11-13 13:08:01,2026-06-23 07:32:34
374,Hyderabad Warehouse,409,24,2026-01-06,True,2025-12-01 05:28:44,2026-07-11 13:51:18
375,Delhi Warehouse,405,26,2025-11-03,True,2025-11-06 07:55:08,2026-07-14 12:55:18
376,Delhi Warehouse,428,49,2026-07-06,True,2026-06-12 10:00:49,2026-06-25 12:43:08
377,Chennai Warehouse,122,11,2025-07-28,True,2025-11-30 14:15:33,2026-07-15 17:53:28
378,Delhi Warehouse,469,33,2026-03-23,True,2026-05-02 23:28:36,2026-07-05 20:46:08
379,Delhi Warehouse,466,30,2025-09-02,True,2026-06-06 14:30:04,2026-07-08 14:43:20
380,Delhi Warehouse,125,19,2026-03-05,True,2025-10-13 05:25:08,2026-06-18 17:47:45
381,Chennai Warehouse,392,42,2026-01-09,True,2025-12-16 14:49:01,2026-07-12 08:54:26
382,Hyderabad Warehouse,12,39,2025-09-04,True,2025-12-04 18:28:44,2026-06-18 03:19:52
383,Mumbai Warehouse,147,27,2026-05-20,True,2026-04-22 13:51:31,2026-07-14 06:33:25
384,Bengaluru Warehouse,229,21,2026-02-24,True,2025-09-09 07:35:15,2026-06-23 20:39:11
385,Mumbai Warehouse,233,12,2026-06-12,True,2025-10-09 11:58:05,2026-06-20 15:39:51
386,Chennai Warehouse,284,39,2025-12-20,True,2025-11-15 15:36:01,2026-06-17 08:18:44
387,Mumbai Warehouse,197,17,2026-03-27,True,2026-05-19 21:00:19,2026-06-27 00:08:28
388,Hyderabad Warehouse,71,47,2026-02-15,True,2025-11-03 16:47:37,2026-06-26 00:52:46
389,Chennai Warehouse,125,18,2026-06-15,True,2025-08-23 14:58:54,2026-07-06 05:28:20
390,Mumbai Warehouse,489,30,2026-07-11,True,2026-03-26 23:02:07,2026-06-25 05:47:21
391,Mumbai Warehouse,180,31,2026-04-07,True,2025-12-29 00:32:54,2026-07-08 16:50:20
392,Mumbai Warehouse,107,49,2026-01-08,True,2025-11-21 01:48:56,2026-06-30 23:20:56
393,Chennai Warehouse,48,48,2026-01-12,True,2025-11-07 12:31:22,2026-06-29 00:44:32
394,Bengaluru Warehouse,178,12,2025-08-27,True,2025-07-31 06:18:58,2026-07-13 05:48:00
395,Chennai Warehouse,448,31,2025-12-08,True,2026-04-18 07:01:05,2026-07-13 07:39:52
396,Chennai Warehouse,121,43,2026-01-27,True,2025-12-24 02:54:34,2026-07-08 03:28:08
397,Mumbai Warehouse,348,11,2026-05-06,True,2026-05-01 05:33:05,2026-06-22 14:09:56
398,Delhi Warehouse,397,13,2025-10-21,True,2026-04-05 04:16:01,2026-06-16 17:53:47
399,Delhi Warehouse,310,38,2025-08-23,True,2026-01-15 12:13:25,2026-06-25 23:01:16
400,Delhi Warehouse,400,14,2026-06-29,True,2026-04-10 09:38:01,2026-06-28 06:19:06
401,Delhi Warehouse,344,25,2026-05-24,True,2026-02-13 05:19:56,2026-06-24 18:21:33
402,Hyderabad Warehouse,367,23,2026-01-11,True,2025-11-14 23:50:49,2026-06-21 15:59:53
403,Mumbai Warehouse,353,34,2026-03-09,True,2025-07-21 14:05:40,2026-07-12 12:18:47
404,Chennai Warehouse,188,34,2025-10-17,True,2025-11-07 00:25:21,2026-06-20 07:20:20
405,Mumbai Warehouse,293,50,2025-07-21,True,2026-04-25 16:01:43,2026-06-20 00:24:39
406,Mumbai Warehouse,162,25,2026-02-26,True,2025-09-21 13:52:36,2026-06-29 14:26:20
407,Chennai Warehouse,403,12,2025-11-15,True,2026-03-10 05:34:08,2026-06-17 15:20:55
408,Chennai Warehouse,157,33,2025-11-28,True,2026-04-08 12:48:12,2026-07-08 01:37:50
409,Hyderabad Warehouse,265,35,2026-05-14,True,2025-09-25 06:20:35,2026-07-07 11:59:11
410,Hyderabad Warehouse,248,22,2026-03-10,True,2025-08-07 23:00:48,2026-06-26 02:40:08
411,Chennai Warehouse,396,23,2026-03-04,True,2025-11-10 10:28:07,2026-07-08 16:53:53
412,Delhi Warehouse,347,41,2026-06-15,True,2026-03-15 08:29:19,2026-06-22 01:27:22
413,Bengaluru Warehouse,390,41,2025-12-23,True,2025-12-04 06:09:03,2026-06-19 22:41:27
414,Mumbai Warehouse,488,35,2025-09-10,True,2026-04-23 20:30:01,2026-06-21 04:29:06
415,Hyderabad Warehouse,4,42,2025-09-29,True,2025-07-27 13:55:18,2026-06-25 09:46:07
416,Delhi Warehouse,460,34,2026-06-02,True,2025-10-22 13:33:56,2026-07-11 22:44:06
417,Mumbai Warehouse,255,41,2025-10-09,True,2026-01-11 16:43:07,2026-07-07 01:23:57
418,Chennai Warehouse,28,45,2025-10-03,True,2026-05-20 18:55:05,2026-07-04 05:52:22
419,Hyderabad Warehouse,27,19,2025-07-18,True,2026-04-16 16:33:38,2026-07-13 06:02:04
420,Chennai Warehouse,255,48,2025-12-27,True,2026-01-28 02:52:45,2026-07-09 01:40:33
421,Mumbai Warehouse,254,15,2026-01-19,True,2026-02-18 19:24:23,2026-06-25 20:16:42
422,Delhi Warehouse,453,21,2026-01-08,True,2026-01-04 17:31:19,2026-07-07 04:20:45
423,Chennai Warehouse,178,32,2026-04-26,True,2025-11-03 23:12:52,2026-07-03 06:45:01
424,Hyderabad Warehouse,148,27,2026-07-01,True,2026-01-02 04:55:05,2026-07-05 02:13:28
425,Hyderabad Warehouse,100,44,2026-03-25,True,2026-04-22 00:11:20,2026-07-05 13:57:04
426,Bengaluru Warehouse,109,36,2025-12-13,True,2026-01-23 12:15:11,2026-06-29 10:24:06
427,Mumbai Warehouse,15,25,2026-05-29,True,2026-01-31 11:51:00,2026-07-06 10:48:41
428,Delhi Warehouse,239,38,2026-02-23,True,2026-03-18 20:09:44,2026-06-20 19:21:51
429,Mumbai Warehouse,418,45,2026-02-02,True,2026-02-15 17:38:19,2026-07-02 03:30:21
430,Mumbai Warehouse,455,23,2026-02-03,True,2026-05-29 13:03:46,2026-06-29 08:19:51
431,Delhi Warehouse,455,42,2026-02-07,True,2025-10-18 01:36:34,2026-07-11 19:06:31
432,Mumbai Warehouse,87,39,2026-05-30,True,2025-12-27 07:50:56,2026-07-04 10:15:37
433,Chennai Warehouse,261,41,2025-11-06,True,2025-10-19 02:22:46,2026-07-11 14:47:10
434,Bengaluru Warehouse,180,16,2026-01-19,True,2026-04-28 19:42:22,2026-07-16 09:01:20
435,Bengaluru Warehouse,386,19,2026-03-15,True,2025-08-10 03:24:47,2026-07-10 11:36:30
436,Delhi Warehouse,271,47,2025-12-03,True,2026-02-21 09:04:53,2026-07-04 23:14:17
437,Bengaluru Warehouse,311,15,2025-11-12,True,2026-04-02 13:28:37,2026-07-09 01:58:59
438,Chennai Warehouse,315,28,2026-07-08,True,2025-12-12 14:41:48,2026-06-28 09:49:18
439,Mumbai Warehouse,170,31,2026-06-19,True,2025-11-11 05:30:47,2026-06-30 07:24:58
440,Chennai Warehouse,348,18,2025-12-01,True,2026-02-26 18:58:30,2026-06-22 21:03:08
441,Mumbai Warehouse,34,28,2025-11-04,True,2026-04-20 09:05:52,2026-06-23 01:06:43
442,Chennai Warehouse,142,32,2025-10-25,True,2025-10-10 11:28:20,2026-07-01 19:30:34
443,Bengaluru Warehouse,200,30,2025-11-07,True,2026-04-07 03:41:58,2026-07-13 14:58:55
444,Bengaluru Warehouse,85,39,2026-05-06,True,2026-02-09 22:42:17,2026-06-17 21:32:55
445,Bengaluru Warehouse,93,18,2026-04-09,True,2026-02-05 14:01:44,2026-07-16 12:50:40
446,Mumbai Warehouse,130,17,2025-08-27,True,2026-05-25 09:46:08,2026-07-07 00:16:53
447,Chennai Warehouse,500,44,2025-09-09,True,2026-05-30 18:58:26,2026-07-07 11:35:10
448,Delhi Warehouse,232,36,2025-09-28,True,2025-11-18 12:52:04,2026-06-25 18:34:22
449,Mumbai Warehouse,0,49,2026-05-20,False,2025-11-27 04:30:41,2026-07-09 01:08:07
450,Bengaluru Warehouse,405,13,2025-10-12,True,2025-10-16 18:59:29,2026-06-27 01:07:28
451,Delhi Warehouse,272,11,2026-02-27,True,2026-06-09 19:32:26,2026-06-19 11:22:06
452,Mumbai Warehouse,328,14,2026-07-02,True,2026-04-03 15:37:15,2026-07-09 22:28:40
453,Delhi Warehouse,47,11,2025-08-13,True,2026-03-12 12:05:32,2026-06-22 21:44:44
454,Chennai Warehouse,218,29,2026-04-07,True,2025-07-21 04:06:01,2026-07-09 18:58:02
455,Delhi Warehouse,68,33,2026-01-07,True,2025-09-08 22:49:10,2026-07-12 14:40:52
456,Mumbai Warehouse,233,13,2026-03-15,True,2025-10-05 07:20:27,2026-07-08 04:27:16
457,Chennai Warehouse,332,35,2026-06-21,True,2025-09-18 05:35:55,2026-07-06 12:56:15
458,Chennai Warehouse,78,19,2026-06-13,True,2025-11-11 08:17:14,2026-06-18 11:37:09
459,Delhi Warehouse,409,21,2026-07-03,True,2025-12-24 16:50:21,2026-07-10 06:09:49
460,Hyderabad Warehouse,51,43,2026-03-11,True,2025-08-01 12:33:28,2026-07-06 08:05:18
461,Delhi Warehouse,355,29,2026-03-07,True,2025-07-22 14:37:46,2026-06-20 15:12:38
462,Hyderabad Warehouse,1,10,2025-11-13,True,2026-06-05 03:39:59,2026-06-27 21:55:39
463,Hyderabad Warehouse,466,17,2025-08-28,True,2025-12-25 13:31:55,2026-06-18 05:01:02
464,Bengaluru Warehouse,363,29,2026-04-15,True,2025-09-07 19:42:43,2026-06-22 16:03:04
465,Hyderabad Warehouse,161,14,2025-10-08,True,2026-05-13 12:59:11,2026-06-16 23:24:43
466,Hyderabad Warehouse,446,16,2025-09-03,True,2025-09-10 03:39:09,2026-06-29 13:34:52
467,Chennai Warehouse,471,10,2025-12-22,True,2026-02-27 14:37:24,2026-06-22 16:05:46
468,Hyderabad Warehouse,66,12,2026-05-16,True,2025-08-10 03:41:47,2026-07-13 08:52:17
469,Hyderabad Warehouse,419,34,2025-09-07,True,2026-05-04 12:59:24,2026-07-14 21:44:37
470,Delhi Warehouse,125,35,2026-05-20,True,2025-10-14 17:45:38,2026-06-24 14:49:55
471,Bengaluru Warehouse,117,49,2025-11-14,True,2026-02-25 01:39:40,2026-07-10 16:09:51
472,Bengaluru Warehouse,346,39,2025-11-12,True,2026-04-28 17:07:55,2026-06-20 08:44:56
473,Mumbai Warehouse,158,30,2026-06-08,True,2025-11-06 22:58:40,2026-06-25 09:04:17
474,Mumbai Warehouse,477,26,2025-12-13,True,2025-08-16 10:40:40,2026-07-03 13:46:18
475,Bengaluru Warehouse,89,29,2025-10-19,True,2025-11-22 13:38:32,2026-06-27 01:55:32
476,Delhi Warehouse,127,25,2025-09-12,True,2026-02-28 22:24:30,2026-06-23 17:21:53
477,Bengaluru Warehouse,32,11,2025-11-26,True,2025-11-16 14:48:48,2026-06-28 17:15:03
478,Mumbai Warehouse,486,19,2026-06-01,True,2026-03-26 13:25:39,2026-06-26 09:53:20
479,Delhi Warehouse,205,39,2025-07-22,True,2026-01-01 14:57:47,2026-07-02 17:58:24
480,Bengaluru Warehouse,138,15,2025-09-25,True,2026-04-28 14:33:39,2026-07-12 09:21:55
481,Chennai Warehouse,156,39,2025-11-07,True,2025-10-20 20:51:52,2026-07-15 12:21:47
482,Mumbai Warehouse,233,36,2026-06-05,True,2026-05-05 14:23:59,2026-06-22 06:18:07
483,Chennai Warehouse,432,47,2025-07-18,True,2026-04-21 22:37:06,2026-07-03 06:42:14
484,Mumbai Warehouse,54,18,2026-06-17,True,2026-05-07 06:43:28,2026-06-28 19:04:45
485,Mumbai Warehouse,123,23,2026-06-18,True,2025-08-10 04:06:57,2026-07-13 11:03:11
486,Bengaluru Warehouse,277,18,2025-11-06,True,2025-11-06 05:54:40,2026-06-29 15:28:32
487,Hyderabad Warehouse,322,42,2026-06-08,True,2026-01-26 12:14:12,2026-06-26 04:48:15
488,Hyderabad Warehouse,496,32,2026-07-15,True,2025-08-26 22:15:08,2026-06-29 12:38:55
489,Chennai Warehouse,402,36,2026-06-11,True,2025-09-30 14:08:26,2026-06-26 09:18:36
490,Mumbai Warehouse,437,46,2026-01-29,True,2026-01-02 00:44:52,2026-07-07 09:01:14
491,Chennai Warehouse,310,23,2025-12-19,True,2026-05-06 08:59:08,2026-07-15 05:29:46
492,Delhi Warehouse,12,27,2025-09-29,True,2026-02-18 20:13:13,2026-07-14 16:04:23
493,Bengaluru Warehouse,422,11,2026-03-16,True,2025-12-14 04:18:51,2026-07-16 04:52:27
494,Hyderabad Warehouse,465,24,2026-01-27,True,2026-06-13 01:56:03,2026-07-15 08:40:51
495,Delhi Warehouse,111,47,2026-02-14,True,2026-03-17 17:05:49,2026-06-21 14:40:14
496,Chennai Warehouse,484,28,2025-07-23,True,2026-01-16 19:40:49,2026-06-29 06:19:07
497,Hyderabad Warehouse,203,46,2025-11-25,True,2026-05-03 03:02:20,2026-07-02 00:53:24
498,Hyderabad Warehouse,473,13,2026-03-03,True,2026-05-03 09:53:24,2026-07-04 10:26:20
499,Chennai Warehouse,210,29,2026-02-08,True,2025-12-23 18:37:18,2026-07-02 19:48:09
500,Chennai Warehouse,218,24,2026-06-23,True,2026-03-29 09:39:10,2026-07-01 02:23:22
501,Delhi Warehouse,327,10,2026-01-10,True,2026-01-19 10:20:12,2026-07-09 20:49:30
502,Mumbai Warehouse,86,15,2025-08-24,True,2025-11-27 02:12:44,2026-07-08 12:45:49
503,Delhi Warehouse,447,21,2026-01-22,True,2026-05-19 18:36:05,2026-06-20 12:44:04
504,Bengaluru Warehouse,205,44,2025-09-22,True,2025-08-10 06:41:23,2026-06-22 06:07:50
505,Bengaluru Warehouse,186,36,2026-03-30,True,2025-12-09 16:52:37,2026-07-15 12:56:00
506,Mumbai Warehouse,50,43,2026-05-11,True,2026-01-30 21:14:56,2026-07-09 17:24:55
507,Bengaluru Warehouse,429,17,2026-02-28,True,2025-11-04 18:56:05,2026-06-28 13:43:09
508,Bengaluru Warehouse,302,11,2026-01-27,True,2025-10-05 08:41:25,2026-06-20 14:54:06
509,Delhi Warehouse,216,30,2026-05-07,True,2026-02-28 21:06:14,2026-06-29 13:14:15
510,Bengaluru Warehouse,60,20,2026-06-24,True,2025-08-04 08:26:47,2026-07-15 22:50:46
511,Bengaluru Warehouse,345,30,2025-10-07,True,2026-03-21 10:30:28,2026-07-16 04:48:45
512,Bengaluru Warehouse,471,41,2025-08-21,True,2026-04-13 16:00:51,2026-07-15 07:43:08
513,Chennai Warehouse,407,35,2026-04-25,True,2026-06-10 00:54:02,2026-07-11 10:23:25
514,Hyderabad Warehouse,90,24,2025-09-28,True,2025-11-24 04:57:01,2026-06-16 17:51:54
515,Delhi Warehouse,74,12,2025-08-16,True,2026-03-26 00:40:17,2026-06-20 09:35:00
516,Bengaluru Warehouse,53,47,2025-09-26,True,2025-12-25 16:18:53,2026-07-10 22:44:39
517,Chennai Warehouse,204,17,2026-01-21,True,2026-02-04 08:06:30,2026-07-15 20:05:20
518,Chennai Warehouse,226,12,2026-03-04,True,2026-02-24 22:43:54,2026-07-08 00:56:01
519,Mumbai Warehouse,190,12,2026-03-03,True,2026-02-10 00:39:17,2026-07-10 15:18:10
520,Hyderabad Warehouse,97,29,2025-09-25,True,2026-03-31 21:53:29,2026-06-25 11:08:45
521,Delhi Warehouse,80,21,2025-10-06,True,2025-08-06 23:09:10,2026-06-23 23:06:21
522,Chennai Warehouse,151,48,2025-12-17,True,2026-06-13 19:35:14,2026-06-30 02:40:11
523,Chennai Warehouse,418,24,2026-05-23,True,2025-12-30 14:52:06,2026-06-27 11:21:32
524,Chennai Warehouse,230,30,2026-05-26,True,2026-04-18 01:23:28,2026-07-02 20:48:02
525,Mumbai Warehouse,188,14,2025-12-12,True,2026-03-21 05:36:57,2026-07-01 03:01:00
526,Delhi Warehouse,443,35,2025-11-15,True,2026-05-12 19:01:01,2026-06-30 17:25:12
527,Bengaluru Warehouse,5,39,2025-09-18,True,2026-01-29 05:59:28,2026-06-24 16:09:42
528,Hyderabad Warehouse,51,35,2025-08-03,True,2025-09-17 22:09:31,2026-06-30 20:51:39
529,Mumbai Warehouse,324,39,2025-11-12,True,2026-04-11 09:30:44,2026-06-29 09:14:22
530,Bengaluru Warehouse,38,40,2025-11-28,True,2026-03-30 18:47:33,2026-07-11 04:35:59
531,Mumbai Warehouse,284,14,2025-09-17,True,2025-09-24 06:48:48,2026-07-05 12:53:57
532,Mumbai Warehouse,38,10,2026-04-17,True,2026-05-30 23:18:12,2026-06-25 07:43:36
533,Hyderabad Warehouse,166,25,2026-05-30,True,2026-01-18 15:38:12,2026-06-23 12:17:52
534,Chennai Warehouse,336,16,2025-08-27,True,2026-05-20 15:55:35,2026-06-17 18:16:57
535,Bengaluru Warehouse,243,16,2026-05-19,True,2026-06-16 03:22:54,2026-06-25 12:23:40
536,Mumbai Warehouse,168,27,2025-12-21,True,2025-08-22 12:03:27,2026-06-20 13:22:23
537,Chennai Warehouse,52,20,2026-05-28,True,2025-08-16 21:13:20,2026-07-01 03:23:13
538,Delhi Warehouse,441,16,2025-10-04,True,2025-12-11 01:21:51,2026-07-04 07:20:05
539,Hyderabad Warehouse,295,41,2025-08-26,True,2026-02-20 15:26:29,2026-07-12 07:09:01
540,Delhi Warehouse,304,37,2026-05-12,True,2026-03-26 01:02:40,2026-06-22 12:18:48
541,Delhi Warehouse,196,10,2025-09-05,True,2025-10-29 11:58:44,2026-06-23 15:57:16
542,Delhi Warehouse,284,32,2026-03-20,True,2025-11-20 03:52:56,2026-07-03 21:43:27
543,Bengaluru Warehouse,496,30,2026-04-14,True,2025-11-06 07:24:29,2026-06-17 18:06:35
544,Chennai Warehouse,242,11,2026-01-12,True,2026-02-25 04:31:02,2026-07-06 01:29:40
545,Chennai Warehouse,410,10,2025-07-16,True,2026-05-31 13:41:02,2026-07-10 01:00:22
546,Bengaluru Warehouse,141,21,2025-10-29,True,2026-03-15 16:25:26,2026-06-30 02:18:09
547,Mumbai Warehouse,386,47,2025-11-05,True,2025-11-06 08:54:16,2026-06-23 02:58:45
548,Delhi Warehouse,234,32,2026-05-22,True,2025-11-06 19:22:44,2026-07-07 05:40:08
549,Delhi Warehouse,455,33,2026-01-01,True,2026-03-13 16:31:08,2026-07-16 10:55:22
550,Chennai Warehouse,319,26,2026-02-27,True,2026-05-15 12:39:54,2026-07-13 19:40:11
551,Hyderabad Warehouse,385,16,2025-11-26,True,2026-05-06 22:49:09,2026-06-28 03:52:07
552,Chennai Warehouse,337,41,2026-06-04,True,2026-01-25 03:30:04,2026-07-10 08:47:03
553,Hyderabad Warehouse,410,50,2025-11-16,True,2025-11-08 06:42:16,2026-07-11 04:44:37
554,Delhi Warehouse,339,41,2025-10-08,True,2026-01-22 22:15:03,2026-07-06 16:58:16
555,Hyderabad Warehouse,408,19,2026-07-14,True,2026-05-27 20:18:01,2026-07-08 01:52:34
556,Chennai Warehouse,467,22,2025-10-30,True,2026-02-03 07:15:15,2026-07-09 10:04:13
557,Bengaluru Warehouse,364,38,2026-01-03,True,2026-02-08 12:35:36,2026-06-23 06:39:23
558,Mumbai Warehouse,40,38,2026-02-16,True,2026-02-19 12:18:19,2026-07-10 06:48:16
559,Hyderabad Warehouse,72,30,2026-01-05,True,2026-03-16 09:28:03,2026-07-10 11:15:29
560,Delhi Warehouse,459,28,2025-07-18,True,2026-05-03 20:48:36,2026-07-01 02:36:42
561,Mumbai Warehouse,346,49,2025-12-15,True,2026-02-21 08:27:15,2026-07-14 17:35:21
562,Chennai Warehouse,160,23,2026-01-18,True,2025-11-16 09:56:28,2026-06-18 15:38:28
563,Hyderabad Warehouse,464,39,2026-01-10,True,2025-10-19 09:41:12,2026-06-28 19:51:32
564,Delhi Warehouse,495,27,2025-11-01,True,2026-06-12 09:40:30,2026-07-01 16:07:56
565,Mumbai Warehouse,297,37,2026-05-23,True,2025-08-26 06:32:52,2026-06-26 12:19:16
566,Mumbai Warehouse,266,30,2025-09-02,True,2025-07-20 19:59:13,2026-07-03 06:38:34
567,Chennai Warehouse,473,19,2025-08-02,True,2025-07-21 16:56:49,2026-07-09 18:22:15
568,Chennai Warehouse,382,37,2025-11-14,True,2026-04-04 21:03:52,2026-07-09 04:21:57
569,Bengaluru Warehouse,53,31,2026-03-08,True,2025-10-26 20:51:33,2026-06-28 11:41:15
570,Hyderabad Warehouse,310,28,2025-07-20,True,2025-10-29 07:32:34,2026-07-15 20:24:57
571,Delhi Warehouse,86,33,2025-11-14,True,2026-06-13 00:47:50,2026-07-04 13:38:17
572,Mumbai Warehouse,99,21,2025-08-22,True,2025-11-22 04:12:44,2026-07-06 17:02:53
573,Hyderabad Warehouse,172,43,2026-05-25,True,2026-04-24 07:31:26,2026-06-29 23:36:50
574,Mumbai Warehouse,352,21,2025-09-13,True,2026-04-11 22:43:23,2026-06-23 10:49:36
575,Chennai Warehouse,37,45,2026-04-09,True,2025-11-26 17:51:39,2026-07-14 04:20:55
576,Mumbai Warehouse,423,47,2025-07-24,True,2025-10-31 20:30:54,2026-06-19 00:15:50
577,Delhi Warehouse,398,46,2026-02-19,True,2026-06-09 09:45:18,2026-07-07 05:38:23
578,Chennai Warehouse,315,22,2026-01-01,True,2026-03-07 14:14:14,2026-06-19 08:10:43
579,Hyderabad Warehouse,211,15,2026-02-18,True,2026-04-06 11:13:26,2026-06-23 21:49:43
580,Delhi Warehouse,223,28,2025-09-01,True,2025-12-06 22:42:07,2026-06-21 03:46:38
581,Delhi Warehouse,201,46,2025-11-27,True,2025-08-13 20:14:46,2026-07-02 12:46:50
582,Chennai Warehouse,270,49,2025-12-21,True,2026-03-08 06:54:30,2026-06-24 13:57:46
583,Mumbai Warehouse,492,50,2025-07-21,True,2025-10-21 23:35:02,2026-06-27 03:48:06
584,Hyderabad Warehouse,127,46,2025-07-20,True,2026-05-01 16:26:36,2026-07-07 23:51:54
585,Mumbai Warehouse,163,37,2025-11-16,True,2025-10-02 19:47:48,2026-06-16 18:49:25
586,Mumbai Warehouse,69,45,2025-08-30,True,2025-07-29 03:17:05,2026-07-03 10:05:44
587,Delhi Warehouse,462,46,2026-01-15,True,2026-01-03 23:04:22,2026-06-26 15:23:07
588,Bengaluru Warehouse,456,22,2026-06-10,True,2025-09-29 03:15:26,2026-06-17 04:59:40
589,Hyderabad Warehouse,231,48,2026-04-30,True,2026-06-02 21:05:29,2026-07-04 10:34:35
590,Hyderabad Warehouse,45,34,2026-07-07,True,2026-05-21 10:49:36,2026-07-13 10:56:04
591,Hyderabad Warehouse,227,43,2026-05-16,True,2025-12-25 18:57:13,2026-07-05 01:02:06
592,Mumbai Warehouse,42,16,2026-02-25,True,2026-05-29 08:12:56,2026-06-21 03:35:03
593,Bengaluru Warehouse,433,41,2025-12-06,True,2026-02-27 20:52:56,2026-07-14 19:19:57
594,Delhi Warehouse,190,30,2026-06-23,True,2026-03-25 11:14:14,2026-07-06 12:47:52
595,Mumbai Warehouse,382,39,2026-06-06,True,2026-05-14 15:45:41,2026-07-10 02:45:54
596,Hyderabad Warehouse,383,10,2026-06-22,True,2025-12-18 02:23:15,2026-06-26 17:07:27
597,Mumbai Warehouse,372,25,2025-09-03,True,2026-06-13 00:26:35,2026-07-14 16:35:37
598,Bengaluru Warehouse,329,28,2025-08-07,True,2026-03-20 16:53:51,2026-07-03 13:04:26
599,Delhi Warehouse,173,39,2025-08-26,True,2025-11-29 21:25:19,2026-06-20 12:30:34
600,Hyderabad Warehouse,112,40,2026-06-09,True,2025-11-28 18:44:53,2026-06-22 22:22:53
601,Hyderabad Warehouse,327,38,2025-11-08,True,2025-07-26 23:24:22,2026-06-28 14:30:16
602,Hyderabad Warehouse,313,44,2025-11-08,True,2026-01-25 20:53:15,2026-06-19 01:30:26
603,Delhi Warehouse,484,43,2026-04-07,True,2025-07-17 15:37:46,2026-06-20 00:57:38
604,Hyderabad Warehouse,29,31,2025-12-21,True,2025-08-24 13:35:55,2026-07-10 14:53:33
605,Bengaluru Warehouse,133,50,2026-02-08,True,2025-11-27 12:43:35,2026-06-28 14:48:17
606,Hyderabad Warehouse,40,38,2025-09-08,True,2026-05-24 13:07:12,2026-07-09 10:32:47
607,Delhi Warehouse,219,44,2025-12-27,True,2026-04-16 05:22:01,2026-06-26 23:41:15
608,Hyderabad Warehouse,334,34,2026-02-14,True,2026-03-03 08:59:19,2026-06-25 14:13:45
609,Hyderabad Warehouse,434,35,2026-06-14,True,2025-08-15 21:46:17,2026-06-20 01:20:25
610,Mumbai Warehouse,356,31,2025-09-05,True,2025-08-19 23:54:11,2026-06-22 19:18:38
611,Mumbai Warehouse,471,43,2025-10-04,True,2025-10-29 12:22:19,2026-06-20 17:03:46
612,Delhi Warehouse,299,48,2026-02-12,True,2025-11-21 05:30:19,2026-07-08 04:02:06
613,Chennai Warehouse,130,32,2025-12-29,True,2026-03-25 08:04:33,2026-06-29 07:41:18
614,Mumbai Warehouse,106,24,2025-07-25,True,2025-09-09 04:45:05,2026-06-21 03:07:04
615,Hyderabad Warehouse,292,12,2025-10-07,True,2025-08-29 04:33:28,2026-07-11 08:51:25
616,Chennai Warehouse,203,49,2025-09-22,True,2026-01-12 00:30:36,2026-07-11 04:33:44
617,Delhi Warehouse,374,43,2026-03-01,True,2025-08-13 23:48:17,2026-06-17 04:44:42
618,Hyderabad Warehouse,258,28,2025-11-09,True,2026-05-31 04:36:09,2026-07-13 08:41:03
619,Hyderabad Warehouse,405,32,2026-05-01,True,2026-02-19 09:26:23,2026-06-16 17:40:53
620,Bengaluru Warehouse,35,42,2025-12-08,True,2025-07-24 19:44:39,2026-06-30 10:39:13
621,Bengaluru Warehouse,161,21,2026-06-14,True,2026-06-03 01:07:18,2026-06-18 09:25:26
622,Delhi Warehouse,169,35,2025-12-15,True,2026-04-25 16:54:06,2026-06-22 04:10:34
623,Delhi Warehouse,30,44,2025-11-08,True,2025-11-17 22:11:54,2026-07-02 09:19:10
624,Bengaluru Warehouse,46,38,2026-05-19,True,2026-04-05 04:24:55,2026-06-28 12:11:56
625,Chennai Warehouse,16,34,2025-10-28,True,2025-09-27 22:56:09,2026-06-25 06:51:14
626,Chennai Warehouse,52,16,2025-07-31,True,2025-10-02 13:23:11,2026-06-27 02:36:54
627,Hyderabad Warehouse,426,16,2025-07-23,True,2025-10-26 04:08:56,2026-06-22 10:49:17
628,Bengaluru Warehouse,8,17,2025-10-09,True,2026-01-20 14:54:29,2026-06-21 02:50:16
629,Hyderabad Warehouse,364,21,2026-03-30,True,2026-04-30 18:16:18,2026-06-17 10:29:34
630,Chennai Warehouse,286,46,2026-03-06,True,2026-02-15 07:44:40,2026-06-24 02:17:39
631,Chennai Warehouse,14,16,2026-07-12,True,2025-07-28 17:20:50,2026-07-02 03:05:34
632,Hyderabad Warehouse,297,45,2025-07-30,True,2025-08-26 12:16:09,2026-07-09 23:20:46
633,Delhi Warehouse,241,17,2026-05-13,True,2025-09-08 23:41:03,2026-06-28 07:04:55
634,Mumbai Warehouse,290,39,2026-01-31,True,2025-08-08 21:06:13,2026-06-18 21:03:47
635,Bengaluru Warehouse,235,20,2025-12-09,True,2026-01-07 02:09:18,2026-06-26 07:11:17
636,Mumbai Warehouse,82,11,2025-12-07,True,2026-01-24 14:42:16,2026-06-30 23:23:44
637,Mumbai Warehouse,405,11,2025-09-09,True,2025-09-08 15:02:00,2026-06-23 21:51:02
638,Hyderabad Warehouse,372,37,2026-06-18,True,2026-02-13 23:19:11,2026-06-25 13:01:08
639,Hyderabad Warehouse,1,22,2025-12-05,True,2026-06-03 08:07:39,2026-06-24 08:38:10
640,Chennai Warehouse,86,41,2026-01-22,True,2026-05-07 04:04:12,2026-07-15 11:27:21
641,Chennai Warehouse,155,18,2026-06-29,True,2025-08-04 04:56:55,2026-06-30 23:40:16
642,Mumbai Warehouse,424,13,2025-11-10,True,2026-04-13 00:36:26,2026-07-13 18:40:28
643,Hyderabad Warehouse,290,36,2025-08-28,True,2026-02-16 02:48:12,2026-06-28 05:49:33
644,Hyderabad Warehouse,454,13,2026-05-30,True,2026-01-22 16:33:45,2026-07-03 05:19:16
645,Bengaluru Warehouse,495,27,2026-01-28,True,2025-08-08 17:42:23,2026-06-17 19:24:20
646,Delhi Warehouse,308,29,2025-07-16,True,2025-07-16 21:16:28,2026-07-10 03:24:07
647,Mumbai Warehouse,78,18,2026-04-10,True,2025-12-22 08:07:03,2026-06-23 12:19:40
648,Chennai Warehouse,116,39,2026-05-13,True,2026-01-17 11:59:58,2026-06-30 01:32:52
649,Mumbai Warehouse,375,45,2026-04-09,True,2025-08-02 14:45:30,2026-06-30 10:26:43
650,Delhi Warehouse,39,31,2026-01-11,True,2025-11-26 11:34:05,2026-06-19 21:14:11
651,Chennai Warehouse,203,30,2026-01-09,True,2026-01-10 22:20:35,2026-07-04 12:11:40
652,Hyderabad Warehouse,79,44,2025-11-17,True,2025-08-01 06:02:51,2026-07-02 18:44:24
653,Bengaluru Warehouse,268,43,2026-05-20,True,2025-08-31 04:36:58,2026-07-12 05:32:03
654,Bengaluru Warehouse,115,41,2025-09-29,True,2025-12-05 03:00:46,2026-06-30 00:47:20
655,Bengaluru Warehouse,351,30,2026-07-15,True,2025-11-10 14:32:56,2026-06-17 13:31:28
656,Chennai Warehouse,139,40,2025-09-01,True,2025-12-24 23:15:48,2026-06-26 03:02:30
657,Bengaluru Warehouse,181,15,2025-12-14,True,2026-01-28 09:35:04,2026-06-28 07:07:17
658,Mumbai Warehouse,188,22,2025-08-14,True,2025-12-21 13:03:08,2026-06-22 02:03:14
659,Delhi Warehouse,247,35,2025-07-17,True,2026-06-05 13:13:15,2026-06-26 13:25:40
660,Bengaluru Warehouse,134,44,2025-11-04,True,2025-10-13 01:51:22,2026-07-08 23:37:49
661,Hyderabad Warehouse,377,29,2026-06-27,True,2026-01-30 23:26:26,2026-06-21 16:58:14
662,Mumbai Warehouse,339,21,2025-10-15,True,2026-03-28 15:48:24,2026-06-17 22:56:10
663,Bengaluru Warehouse,1,17,2026-01-25,True,2026-05-13 17:23:32,2026-07-10 14:26:54
664,Delhi Warehouse,90,50,2026-01-26,True,2026-03-11 23:07:25,2026-06-18 08:31:03
665,Chennai Warehouse,164,24,2025-12-12,True,2026-02-01 06:40:36,2026-06-23 23:48:53
666,Delhi Warehouse,401,50,2025-08-17,True,2026-01-24 17:59:16,2026-06-30 17:02:58
667,Delhi Warehouse,272,36,2025-11-01,True,2025-09-01 10:48:57,2026-07-12 01:39:19
668,Mumbai Warehouse,53,34,2025-12-23,True,2025-09-03 10:07:27,2026-07-06 11:43:40
669,Chennai Warehouse,271,35,2026-07-15,True,2026-02-28 17:43:12,2026-06-17 23:59:48
670,Chennai Warehouse,302,26,2026-06-10,True,2026-02-09 17:28:36,2026-06-17 05:25:13
671,Bengaluru Warehouse,495,17,2026-01-27,True,2025-07-23 15:48:38,2026-07-11 22:48:52
672,Mumbai Warehouse,82,40,2025-10-30,True,2026-01-13 20:51:20,2026-06-22 02:46:40
673,Chennai Warehouse,7,32,2025-10-27,True,2026-05-02 12:17:35,2026-07-11 04:34:33
674,Hyderabad Warehouse,359,31,2025-08-07,True,2026-04-26 19:40:10,2026-06-29 01:35:36
675,Chennai Warehouse,272,17,2025-09-20,True,2025-12-21 10:57:20,2026-07-06 20:17:37
676,Hyderabad Warehouse,189,44,2026-07-13,True,2026-01-25 00:15:11,2026-07-13 20:19:06
677,Bengaluru Warehouse,462,25,2026-04-17,True,2026-01-25 06:52:18,2026-07-11 23:28:24
678,Chennai Warehouse,280,31,2025-12-10,True,2026-03-20 08:11:35,2026-07-10 06:54:29
679,Hyderabad Warehouse,78,12,2026-06-21,True,2025-09-03 12:57:23,2026-07-13 14:08:09
680,Bengaluru Warehouse,67,33,2026-05-22,True,2025-09-17 21:30:43,2026-06-21 04:23:25
681,Bengaluru Warehouse,25,10,2026-05-09,True,2026-04-19 07:22:36,2026-07-04 12:40:26
682,Hyderabad Warehouse,101,27,2025-08-14,True,2026-06-06 06:43:53,2026-06-21 22:54:38
683,Hyderabad Warehouse,54,30,2026-03-28,True,2025-09-16 15:35:02,2026-07-02 02:12:54
684,Mumbai Warehouse,142,44,2026-01-11,True,2026-02-17 16:16:34,2026-06-25 05:05:32
685,Chennai Warehouse,383,47,2025-08-02,True,2026-06-04 07:44:28,2026-07-05 23:25:34
686,Mumbai Warehouse,115,26,2025-11-12,True,2026-02-08 20:32:50,2026-07-10 01:10:41
687,Bengaluru Warehouse,166,34,2026-06-07,True,2025-10-14 08:37:12,2026-07-05 12:32:53
688,Mumbai Warehouse,20,14,2025-12-27,True,2025-08-18 14:12:49,2026-06-19 05:45:45
689,Delhi Warehouse,171,22,2026-07-01,True,2025-12-09 18:31:05,2026-07-06 03:34:05
690,Bengaluru Warehouse,135,19,2025-08-15,True,2026-06-14 04:54:28,2026-06-21 19:24:12
691,Bengaluru Warehouse,112,28,2025-10-22,True,2025-12-05 07:34:18,2026-06-27 16:32:28
692,Hyderabad Warehouse,234,25,2026-01-16,True,2026-05-19 23:11:03,2026-06-28 06:07:11
693,Chennai Warehouse,415,15,2026-02-05,True,2026-01-15 08:58:49,2026-07-03 17:31:08
694,Chennai Warehouse,175,28,2026-01-27,True,2025-09-07 16:21:21,2026-07-12 20:33:29
695,Mumbai Warehouse,209,13,2025-08-11,True,2025-07-18 16:16:43,2026-06-27 01:48:25
696,Bengaluru Warehouse,390,48,2025-11-26,True,2025-12-16 04:34:35,2026-06-30 10:25:33
697,Mumbai Warehouse,125,27,2026-06-13,True,2026-01-01 13:38:21,2026-06-21 05:45:38
698,Bengaluru Warehouse,449,25,2025-09-21,True,2026-02-24 06:53:41,2026-07-02 09:59:16
699,Mumbai Warehouse,272,26,2025-11-29,True,2025-08-03 10:43:51,2026-07-14 22:14:23
700,Bengaluru Warehouse,57,16,2025-08-03,True,2025-11-05 17:42:44,2026-06-25 05:02:26
701,Delhi Warehouse,466,33,2025-10-16,True,2026-05-06 17:16:48,2026-06-29 18:49:49
702,Delhi Warehouse,286,32,2025-09-19,True,2025-09-24 22:28:46,2026-06-23 16:16:42
703,Mumbai Warehouse,235,40,2026-01-10,True,2026-06-03 06:31:26,2026-06-24 21:58:01
704,Mumbai Warehouse,104,21,2025-12-28,True,2025-12-08 03:10:43,2026-06-26 03:39:32
705,Mumbai Warehouse,279,20,2026-01-30,True,2026-02-03 19:31:15,2026-06-21 11:52:38
706,Chennai Warehouse,246,19,2026-05-30,True,2026-03-22 14:40:27,2026-07-15 18:54:32
707,Chennai Warehouse,400,35,2025-11-09,True,2025-08-28 08:50:12,2026-06-18 23:23:42
708,Chennai Warehouse,209,22,2025-11-15,True,2025-08-29 01:30:06,2026-07-06 09:52:52
709,Hyderabad Warehouse,175,48,2026-01-23,True,2026-02-07 08:37:48,2026-06-30 00:54:36
710,Chennai Warehouse,74,17,2026-05-20,True,2026-05-06 03:35:03,2026-06-22 22:57:27
711,Bengaluru Warehouse,435,16,2026-05-06,True,2025-07-21 11:48:51,2026-06-18 00:13:25
712,Delhi Warehouse,14,28,2025-07-27,True,2025-09-29 11:37:31,2026-07-09 01:02:32
713,Delhi Warehouse,492,44,2026-05-08,True,2026-04-22 14:36:49,2026-07-08 08:24:32
714,Bengaluru Warehouse,128,31,2026-02-13,True,2026-02-25 10:53:23,2026-07-13 00:30:14
715,Chennai Warehouse,172,43,2026-01-03,True,2026-04-24 02:40:43,2026-07-03 23:18:50
716,Chennai Warehouse,132,13,2025-07-15,True,2026-03-04 01:03:05,2026-07-06 11:49:50
717,Delhi Warehouse,409,14,2025-08-19,True,2025-07-23 17:13:19,2026-06-29 02:57:30
718,Delhi Warehouse,200,39,2025-10-14,True,2026-01-11 22:51:42,2026-07-01 19:32:06
719,Bengaluru Warehouse,379,26,2026-06-06,True,2025-11-04 05:20:03,2026-07-11 04:18:38
720,Hyderabad Warehouse,85,32,2025-10-13,True,2025-10-24 02:02:56,2026-06-17 03:29:56
721,Bengaluru Warehouse,321,45,2026-02-07,True,2025-08-26 03:30:17,2026-06-21 12:37:38
722,Bengaluru Warehouse,87,38,2025-11-30,True,2025-11-07 22:42:24,2026-06-29 20:25:42
723,Hyderabad Warehouse,438,19,2026-07-06,True,2025-08-27 18:45:13,2026-07-05 23:21:33
724,Bengaluru Warehouse,213,35,2025-08-17,True,2025-12-30 15:54:43,2026-06-23 14:51:11
725,Bengaluru Warehouse,234,49,2025-09-03,True,2025-07-23 20:29:52,2026-07-08 10:41:45
726,Mumbai Warehouse,258,24,2026-02-11,True,2025-11-10 23:50:22,2026-06-16 17:58:07
727,Hyderabad Warehouse,309,19,2026-05-18,True,2026-03-10 11:05:27,2026-07-03 01:39:43
728,Chennai Warehouse,236,36,2025-12-18,True,2025-08-14 16:30:44,2026-06-19 02:47:21
729,Hyderabad Warehouse,418,41,2026-01-21,True,2026-06-11 22:54:50,2026-06-18 16:21:04
730,Bengaluru Warehouse,145,13,2026-01-15,True,2025-12-14 21:21:24,2026-06-28 04:49:53
731,Delhi Warehouse,61,22,2025-08-12,True,2026-03-22 17:05:34,2026-07-16 01:01:28
732,Chennai Warehouse,10,29,2026-04-29,True,2025-12-26 12:49:43,2026-07-14 13:41:50
733,Mumbai Warehouse,328,29,2025-10-23,True,2025-09-13 01:04:59,2026-06-28 08:55:54
734,Chennai Warehouse,128,31,2026-05-25,True,2026-02-28 06:08:51,2026-07-13 04:18:28
735,Delhi Warehouse,98,45,2026-07-09,True,2025-10-30 05:35:50,2026-06-27 11:40:51
736,Hyderabad Warehouse,20,12,2025-11-10,True,2026-04-21 22:02:45,2026-07-13 16:19:52
737,Mumbai Warehouse,69,33,2026-05-28,True,2026-04-30 06:42:35,2026-07-12 08:53:20
738,Chennai Warehouse,452,12,2025-11-13,True,2025-11-23 18:29:42,2026-06-23 22:05:56
739,Delhi Warehouse,238,27,2025-10-24,True,2025-12-22 00:15:15,2026-07-05 04:07:12
740,Bengaluru Warehouse,192,50,2026-06-28,True,2026-04-27 14:09:12,2026-07-07 07:19:07
741,Hyderabad Warehouse,206,25,2026-06-07,True,2026-02-27 04:44:40,2026-07-07 09:48:57
742,Hyderabad Warehouse,79,17,2026-03-26,True,2026-03-29 02:55:44,2026-06-26 02:14:32
743,Mumbai Warehouse,300,50,2026-07-15,True,2026-01-12 05:19:28,2026-07-12 16:32:03
744,Delhi Warehouse,343,10,2025-11-17,True,2026-06-05 18:28:31,2026-07-01 19:41:26
745,Bengaluru Warehouse,459,44,2025-12-19,True,2025-10-15 09:11:34,2026-06-28 17:32:18
746,Hyderabad Warehouse,356,39,2025-09-20,True,2026-04-02 04:44:09,2026-06-27 03:27:07
747,Delhi Warehouse,223,39,2025-12-07,True,2026-04-19 08:13:10,2026-07-09 01:37:36
748,Chennai Warehouse,119,43,2026-03-03,True,2026-06-11 06:56:45,2026-07-06 08:38:01
749,Hyderabad Warehouse,267,50,2025-11-20,True,2026-02-20 15:03:29,2026-06-23 18:49:44
750,Hyderabad Warehouse,130,44,2025-09-29,True,2026-06-10 05:58:00,2026-07-02 20:47:21
751,Bengaluru Warehouse,135,30,2025-09-02,True,2025-10-14 09:29:59,2026-07-09 21:15:04
752,Chennai Warehouse,125,23,2025-12-27,True,2026-05-17 13:48:51,2026-07-09 01:37:10
753,Hyderabad Warehouse,332,26,2026-05-08,True,2026-05-28 08:38:13,2026-06-29 05:03:23
754,Delhi Warehouse,14,28,2025-08-10,True,2026-01-16 20:22:07,2026-07-11 09:33:10
755,Delhi Warehouse,387,23,2026-02-18,True,2026-01-20 01:25:59,2026-07-10 23:18:38
756,Bengaluru Warehouse,472,32,2025-09-22,True,2025-10-27 17:44:43,2026-06-28 21:32:51
757,Delhi Warehouse,150,44,2025-07-16,True,2026-03-22 18:11:16,2026-06-30 23:46:17
758,Bengaluru Warehouse,35,36,2026-02-12,True,2025-11-15 01:06:11,2026-07-01 07:12:43
759,Mumbai Warehouse,494,38,2026-05-09,True,2025-10-18 10:21:37,2026-06-24 17:01:51
760,Mumbai Warehouse,55,43,2025-10-06,True,2026-03-16 23:49:02,2026-07-14 18:22:32
761,Chennai Warehouse,257,22,2025-12-04,True,2025-11-06 15:23:11,2026-07-14 10:13:00
762,Delhi Warehouse,244,37,2025-11-24,True,2025-08-30 17:34:31,2026-06-30 03:16:58
763,Delhi Warehouse,67,46,2025-12-25,True,2026-01-05 22:16:55,2026-07-03 03:13:49
764,Chennai Warehouse,317,22,2025-08-28,True,2026-01-21 05:52:00,2026-06-20 14:10:22
765,Bengaluru Warehouse,75,12,2026-05-22,True,2026-01-12 21:46:05,2026-07-07 14:09:02
766,Hyderabad Warehouse,97,29,2025-10-31,True,2025-08-17 13:24:26,2026-06-30 01:04:02
767,Mumbai Warehouse,254,42,2025-10-02,True,2025-10-02 05:42:49,2026-06-24 15:12:22
768,Chennai Warehouse,386,47,2025-08-24,True,2025-09-02 10:47:05,2026-07-16 00:37:01
769,Bengaluru Warehouse,235,46,2025-07-29,True,2025-08-02 01:13:17,2026-07-01 13:19:39
770,Hyderabad Warehouse,101,16,2025-12-22,True,2026-01-10 23:02:46,2026-07-14 10:46:53
771,Mumbai Warehouse,7,26,2025-08-30,True,2025-11-21 08:21:51,2026-07-12 20:51:52
772,Chennai Warehouse,125,46,2026-05-20,True,2025-10-11 10:58:54,2026-06-24 07:40:00
773,Delhi Warehouse,38,17,2026-05-25,True,2026-05-16 17:57:02,2026-06-27 01:02:53
774,Hyderabad Warehouse,488,36,2026-07-15,True,2026-06-08 03:22:55,2026-07-05 17:24:55
775,Bengaluru Warehouse,336,50,2026-03-01,True,2026-01-10 13:48:18,2026-06-28 23:35:06
776,Chennai Warehouse,100,37,2026-02-25,True,2025-12-01 13:19:39,2026-06-22 00:29:23
777,Chennai Warehouse,131,30,2025-12-24,True,2025-12-28 14:57:04,2026-07-06 10:13:39
778,Delhi Warehouse,55,25,2026-02-12,True,2025-10-29 01:49:15,2026-07-11 22:48:09
779,Chennai Warehouse,453,22,2025-11-11,True,2025-10-19 05:32:07,2026-06-23 08:04:18
780,Hyderabad Warehouse,338,24,2026-01-04,True,2025-09-18 17:45:26,2026-06-21 17:11:17
781,Bengaluru Warehouse,195,36,2025-09-25,True,2026-03-24 10:40:49,2026-07-09 04:05:15
782,Hyderabad Warehouse,69,42,2025-08-02,True,2025-12-30 16:03:15,2026-07-12 21:11:49
783,Hyderabad Warehouse,376,19,2026-02-11,True,2026-06-06 21:57:55,2026-06-25 08:10:32
784,Delhi Warehouse,200,34,2026-04-05,True,2026-05-01 08:52:55,2026-06-18 22:39:52
785,Delhi Warehouse,394,12,2025-09-02,True,2026-06-03 01:01:55,2026-06-24 11:15:29
786,Mumbai Warehouse,373,48,2026-06-21,True,2025-10-02 02:44:38,2026-07-02 08:41:44
787,Mumbai Warehouse,425,42,2025-09-05,True,2025-11-28 12:36:03,2026-07-08 05:29:49
788,Chennai Warehouse,204,43,2025-12-15,True,2026-01-16 06:52:54,2026-06-23 10:11:05
789,Hyderabad Warehouse,287,49,2026-06-01,True,2026-05-12 22:04:59,2026-07-10 08:51:22
790,Hyderabad Warehouse,90,33,2025-09-26,True,2026-01-16 00:58:42,2026-06-23 01:20:49
791,Hyderabad Warehouse,41,33,2025-11-13,True,2026-03-21 12:23:46,2026-07-02 23:28:34
792,Mumbai Warehouse,196,17,2026-04-22,True,2026-04-27 06:24:22,2026-07-09 03:44:06
793,Hyderabad Warehouse,340,16,2025-07-22,True,2026-04-26 20:16:55,2026-06-21 00:05:27
794,Hyderabad Warehouse,353,24,2026-04-27,True,2025-09-09 17:17:41,2026-06-18 22:13:32
795,Chennai Warehouse,155,12,2025-07-17,True,2025-10-03 18:17:11,2026-06-25 20:20:15
796,Chennai Warehouse,153,47,2026-04-19,True,2025-12-09 03:10:48,2026-06-22 02:09:38
797,Bengaluru Warehouse,229,44,2026-05-23,True,2025-12-27 06:48:03,2026-07-09 01:08:59
798,Bengaluru Warehouse,446,47,2026-07-13,True,2025-10-27 03:32:43,2026-07-03 13:23:40
799,Delhi Warehouse,330,25,2026-06-21,True,2026-02-26 12:19:40,2026-07-13 15:20:16
800,Bengaluru Warehouse,157,27,2025-11-12,True,2026-05-06 21:43:20,2026-06-23 00:46:11
801,Delhi Warehouse,198,13,2025-09-07,True,2025-11-21 14:47:40,2026-07-12 13:56:59
802,Delhi Warehouse,300,25,2025-11-09,True,2025-10-20 02:43:01,2026-07-03 13:23:27
803,Mumbai Warehouse,484,13,2025-07-23,True,2026-05-01 14:19:58,2026-06-23 12:34:02
804,Bengaluru Warehouse,13,22,2026-06-07,True,2025-12-10 05:39:19,2026-07-11 11:30:04
805,Hyderabad Warehouse,432,50,2026-04-02,True,2025-07-24 15:03:32,2026-06-18 11:18:47
806,Hyderabad Warehouse,113,37,2025-11-19,True,2025-08-18 06:20:33,2026-07-07 14:48:09
807,Chennai Warehouse,42,44,2025-09-07,True,2026-04-18 10:15:49,2026-06-20 12:33:48
808,Delhi Warehouse,189,27,2026-02-24,True,2025-10-23 08:32:45,2026-07-10 13:31:45
809,Delhi Warehouse,268,17,2025-08-19,True,2026-04-15 20:11:13,2026-07-02 20:38:12
810,Chennai Warehouse,448,16,2025-07-28,True,2025-11-16 21:27:09,2026-07-13 21:07:44
811,Mumbai Warehouse,461,14,2026-03-06,True,2025-12-30 22:39:36,2026-06-30 22:55:26
812,Hyderabad Warehouse,298,50,2026-02-01,True,2026-03-26 23:51:18,2026-07-16 06:39:05
813,Hyderabad Warehouse,460,20,2026-01-30,True,2025-08-21 09:56:26,2026-07-09 18:08:38
814,Delhi Warehouse,115,31,2025-10-29,True,2025-07-28 09:04:41,2026-06-16 20:40:30
815,Hyderabad Warehouse,146,26,2026-01-30,True,2025-11-23 06:11:40,2026-06-17 04:42:52
816,Delhi Warehouse,185,17,2026-01-21,True,2025-08-12 16:38:23,2026-06-17 10:43:32
817,Bengaluru Warehouse,152,43,2026-04-29,True,2025-09-28 03:31:45,2026-06-18 02:59:21
818,Delhi Warehouse,320,39,2025-12-02,True,2025-08-09 10:55:56,2026-06-25 03:00:21
819,Chennai Warehouse,34,46,2026-01-06,True,2026-04-12 17:12:55,2026-06-27 15:52:48
820,Chennai Warehouse,339,11,2026-07-09,True,2025-11-07 18:37:13,2026-07-13 01:46:53
821,Mumbai Warehouse,120,10,2026-05-24,True,2025-11-29 05:23:16,2026-07-02 00:22:09
822,Chennai Warehouse,429,48,2026-01-22,True,2025-12-28 16:07:56,2026-07-05 13:06:47
823,Mumbai Warehouse,481,50,2025-10-30,True,2026-03-15 01:50:34,2026-06-28 18:37:41
824,Chennai Warehouse,461,18,2025-08-18,True,2025-12-28 13:29:06,2026-07-13 13:20:42
825,Mumbai Warehouse,296,24,2025-10-21,True,2025-12-03 00:06:34,2026-07-08 21:45:06
826,Delhi Warehouse,223,23,2026-01-06,True,2025-08-07 12:38:31,2026-06-20 00:13:30
827,Bengaluru Warehouse,11,10,2025-12-31,True,2026-04-07 13:20:48,2026-07-01 04:22:30
828,Hyderabad Warehouse,48,24,2026-06-23,True,2025-11-23 04:33:51,2026-06-23 18:06:52
829,Chennai Warehouse,45,21,2026-06-16,True,2026-02-12 12:07:13,2026-06-17 19:42:18
830,Bengaluru Warehouse,281,47,2026-01-21,True,2026-02-08 06:19:51,2026-07-12 10:31:14
831,Hyderabad Warehouse,113,27,2026-06-08,True,2026-02-25 04:40:10,2026-06-29 18:30:09
832,Hyderabad Warehouse,403,35,2026-05-05,True,2025-12-13 16:12:26,2026-06-27 11:01:12
833,Hyderabad Warehouse,429,28,2025-09-27,True,2025-12-03 05:06:15,2026-06-17 16:10:22
834,Mumbai Warehouse,265,36,2025-12-29,True,2025-07-16 22:52:17,2026-06-25 16:26:09
835,Hyderabad Warehouse,340,11,2026-01-19,True,2026-05-29 22:09:09,2026-07-02 03:01:27
836,Delhi Warehouse,95,11,2025-08-10,True,2026-02-09 01:43:25,2026-07-04 15:34:19
837,Hyderabad Warehouse,469,20,2026-07-09,True,2026-03-30 05:54:21,2026-06-20 06:37:26
838,Chennai Warehouse,50,31,2026-04-26,True,2026-05-13 07:46:01,2026-06-18 19:50:12
839,Mumbai Warehouse,94,46,2026-05-16,True,2025-09-27 05:03:44,2026-06-19 11:02:01
840,Hyderabad Warehouse,193,11,2025-12-08,True,2025-12-21 03:37:26,2026-07-15 09:11:38
841,Hyderabad Warehouse,446,27,2025-09-01,True,2025-10-05 00:28:14,2026-07-15 17:28:10
842,Chennai Warehouse,297,46,2026-05-10,True,2025-08-28 07:00:37,2026-07-02 01:07:15
843,Hyderabad Warehouse,460,50,2025-09-30,True,2025-07-17 19:54:12,2026-06-19 16:21:16
844,Mumbai Warehouse,16,33,2026-06-09,True,2025-08-24 04:04:09,2026-07-09 10:08:32
845,Delhi Warehouse,242,30,2026-05-08,True,2026-03-01 17:16:35,2026-06-27 09:44:50
846,Mumbai Warehouse,452,21,2026-05-12,True,2026-05-17 07:42:21,2026-06-29 11:28:04
847,Mumbai Warehouse,284,50,2026-01-09,True,2025-12-05 10:26:49,2026-07-11 16:14:04
848,Bengaluru Warehouse,387,32,2025-08-13,True,2025-12-09 15:23:42,2026-06-29 16:54:06
849,Delhi Warehouse,75,47,2025-09-11,True,2025-07-29 05:52:19,2026-06-20 19:49:28
850,Chennai Warehouse,162,31,2025-08-13,True,2025-08-21 16:17:40,2026-07-13 22:54:48
851,Chennai Warehouse,412,10,2025-12-21,True,2026-01-31 04:21:22,2026-06-19 11:06:04
852,Hyderabad Warehouse,441,46,2026-03-29,True,2026-03-30 04:26:59,2026-07-13 02:12:52
853,Chennai Warehouse,428,22,2025-09-30,True,2026-05-26 13:37:13,2026-07-01 10:18:07
854,Chennai Warehouse,418,38,2026-01-12,True,2026-06-04 20:15:35,2026-07-01 14:27:54
855,Chennai Warehouse,480,13,2026-07-07,True,2025-10-10 19:17:00,2026-07-16 07:25:49
856,Delhi Warehouse,355,39,2026-06-26,True,2025-07-30 16:36:27,2026-07-16 14:21:43
857,Hyderabad Warehouse,358,10,2025-10-04,True,2025-09-13 23:57:12,2026-07-15 12:44:18
858,Chennai Warehouse,214,37,2026-01-25,True,2026-03-21 19:28:03,2026-07-06 18:28:17
859,Hyderabad Warehouse,286,28,2025-12-25,True,2025-08-04 02:53:54,2026-06-26 13:38:26
860,Mumbai Warehouse,313,21,2026-01-08,True,2026-04-21 07:10:43,2026-07-02 07:58:47
861,Hyderabad Warehouse,74,30,2026-05-20,True,2026-01-07 09:19:58,2026-07-06 00:41:47
862,Delhi Warehouse,314,42,2026-01-08,True,2025-11-24 03:19:11,2026-06-25 04:19:29
863,Chennai Warehouse,378,15,2025-10-31,True,2026-01-05 02:54:06,2026-07-06 09:45:07
864,Mumbai Warehouse,350,43,2025-10-17,True,2026-05-16 06:37:26,2026-06-22 07:51:48
865,Mumbai Warehouse,478,13,2025-07-16,True,2026-02-04 07:05:46,2026-07-12 18:16:07
866,Chennai Warehouse,116,12,2026-03-16,True,2026-06-13 09:43:15,2026-07-11 15:29:51
867,Bengaluru Warehouse,28,34,2025-09-13,True,2025-11-14 23:01:48,2026-07-08 03:03:01
868,Chennai Warehouse,285,39,2026-06-07,True,2025-12-16 04:37:37,2026-07-02 19:16:38
869,Bengaluru Warehouse,332,14,2025-11-15,True,2025-11-28 02:27:22,2026-06-23 12:19:35
870,Hyderabad Warehouse,442,17,2025-11-21,True,2026-03-09 06:58:32,2026-07-10 14:52:19
871,Chennai Warehouse,197,20,2026-04-05,True,2026-02-24 21:36:35,2026-06-28 10:19:48
872,Bengaluru Warehouse,90,47,2025-12-19,True,2026-05-19 17:50:47,2026-06-22 13:13:50
873,Hyderabad Warehouse,291,49,2025-10-06,True,2026-03-09 06:39:16,2026-07-09 08:07:28
874,Bengaluru Warehouse,199,49,2026-02-01,True,2025-08-14 22:19:54,2026-06-29 13:50:53
875,Hyderabad Warehouse,164,25,2026-04-10,True,2026-03-28 10:04:27,2026-06-20 15:36:21
876,Mumbai Warehouse,205,41,2025-08-01,True,2026-03-28 15:36:59,2026-07-02 01:22:07
877,Mumbai Warehouse,44,24,2026-06-26,True,2026-04-01 12:12:05,2026-07-02 15:40:13
878,Mumbai Warehouse,39,36,2025-11-12,True,2025-10-03 18:11:31,2026-06-28 13:18:38
879,Mumbai Warehouse,21,21,2026-04-11,True,2025-12-20 04:12:36,2026-07-07 14:14:29
880,Chennai Warehouse,43,16,2025-10-31,True,2025-09-02 09:14:38,2026-06-20 17:30:16
881,Hyderabad Warehouse,75,44,2025-08-12,True,2026-05-22 18:00:30,2026-07-07 11:58:55
882,Hyderabad Warehouse,149,33,2026-03-28,True,2026-05-29 18:51:32,2026-07-14 11:27:41
883,Mumbai Warehouse,57,30,2026-02-03,True,2026-05-11 20:16:31,2026-06-25 06:26:12
884,Delhi Warehouse,114,43,2026-04-17,True,2026-02-20 17:52:51,2026-07-15 10:09:14
885,Delhi Warehouse,385,42,2025-10-23,True,2025-12-24 02:55:18,2026-06-25 07:45:25
886,Delhi Warehouse,421,28,2026-07-02,True,2026-01-12 02:54:16,2026-07-04 23:39:29
887,Bengaluru Warehouse,457,33,2026-01-22,True,2026-01-26 09:58:01,2026-06-24 15:18:18
888,Bengaluru Warehouse,311,19,2025-09-21,True,2026-04-30 15:30:32,2026-07-12 10:31:18
889,Hyderabad Warehouse,174,24,2026-05-14,True,2025-08-06 23:28:53,2026-07-10 23:02:07
890,Mumbai Warehouse,331,24,2026-04-14,True,2026-02-19 10:15:23,2026-07-05 18:54:24
891,Mumbai Warehouse,360,11,2025-12-22,True,2026-03-09 00:04:17,2026-07-01 06:35:47
892,Hyderabad Warehouse,12,49,2026-05-10,True,2026-03-14 17:56:48,2026-06-18 08:58:15
893,Chennai Warehouse,188,25,2026-04-17,True,2025-09-20 03:05:51,2026-06-18 14:21:50
894,Bengaluru Warehouse,314,20,2025-10-20,True,2026-03-26 10:32:47,2026-06-28 18:59:14
895,Delhi Warehouse,443,21,2026-02-21,True,2025-10-03 03:14:49,2026-07-16 01:08:14
896,Chennai Warehouse,93,31,2025-07-30,True,2025-10-24 11:58:13,2026-06-30 06:41:36
897,Hyderabad Warehouse,151,18,2026-01-01,True,2025-12-03 13:07:21,2026-06-25 21:45:08
898,Bengaluru Warehouse,7,42,2026-05-31,True,2026-02-22 16:19:44,2026-07-10 08:07:59
899,Chennai Warehouse,107,42,2025-12-25,True,2025-08-20 23:58:25,2026-07-05 02:45:25
900,Chennai Warehouse,458,31,2025-08-16,True,2025-10-19 03:13:52,2026-07-15 20:07:49
901,Mumbai Warehouse,166,17,2025-10-29,True,2026-01-01 21:54:56,2026-06-21 17:38:44
902,Hyderabad Warehouse,221,45,2025-12-08,True,2025-08-04 20:06:28,2026-06-23 02:44:24
903,Delhi Warehouse,206,44,2026-07-14,True,2026-01-12 23:12:59,2026-07-04 10:07:58
904,Delhi Warehouse,319,11,2026-05-09,True,2025-08-23 22:26:16,2026-07-09 19:40:09
905,Bengaluru Warehouse,343,43,2025-08-31,True,2025-10-16 04:52:56,2026-07-04 16:12:32
906,Hyderabad Warehouse,418,28,2026-02-19,True,2026-05-24 10:01:41,2026-07-02 08:06:34
907,Bengaluru Warehouse,30,24,2026-03-04,True,2026-02-02 23:46:05,2026-07-15 23:52:56
908,Bengaluru Warehouse,443,36,2026-06-06,True,2026-01-30 22:34:56,2026-07-05 08:08:33
909,Hyderabad Warehouse,442,42,2026-06-22,True,2026-02-15 22:21:14,2026-06-27 19:47:28
910,Mumbai Warehouse,330,22,2026-03-17,True,2025-12-07 21:45:54,2026-07-02 19:39:16
911,Mumbai Warehouse,267,40,2025-10-31,True,2026-05-27 18:23:45,2026-07-06 07:30:06
912,Delhi Warehouse,145,22,2026-01-23,True,2026-04-15 16:27:15,2026-06-22 09:12:01
913,Delhi Warehouse,165,33,2026-01-30,True,2026-02-14 21:45:19,2026-07-07 04:19:23
914,Delhi Warehouse,414,25,2026-02-07,True,2026-05-20 17:48:12,2026-07-16 12:29:20
915,Bengaluru Warehouse,195,38,2026-01-13,True,2026-01-05 20:54:28,2026-06-28 20:52:41
916,Bengaluru Warehouse,1,33,2025-09-20,True,2026-05-17 13:12:12,2026-07-12 11:48:41
917,Hyderabad Warehouse,190,42,2025-09-23,True,2025-10-10 11:37:09,2026-06-22 21:30:29
918,Bengaluru Warehouse,377,42,2026-02-03,True,2025-10-22 12:42:46,2026-07-01 14:50:55
919,Mumbai Warehouse,135,30,2026-01-09,True,2026-05-08 07:08:48,2026-06-28 22:22:05
920,Mumbai Warehouse,301,45,2025-11-07,True,2025-09-29 12:47:02,2026-07-07 14:49:20
921,Mumbai Warehouse,280,46,2025-07-30,True,2025-07-23 01:15:56,2026-07-11 09:44:50
922,Chennai Warehouse,162,14,2025-09-09,True,2025-08-23 02:27:39,2026-06-26 01:18:19
923,Mumbai Warehouse,398,24,2026-06-29,True,2026-01-31 13:50:00,2026-07-16 03:33:19
924,Bengaluru Warehouse,363,42,2026-07-07,True,2025-10-14 10:35:35,2026-06-27 09:10:38
925,Bengaluru Warehouse,22,18,2025-10-18,True,2025-07-18 02:56:35,2026-06-29 22:45:30
926,Chennai Warehouse,450,42,2026-03-15,True,2026-03-10 14:11:23,2026-06-26 06:36:49
927,Mumbai Warehouse,378,15,2026-07-05,True,2025-07-18 17:06:14,2026-07-10 09:28:48
928,Mumbai Warehouse,246,45,2026-01-22,True,2026-04-24 16:34:36,2026-06-19 17:47:04
929,Hyderabad Warehouse,296,42,2025-11-03,True,2025-08-01 11:12:43,2026-07-09 06:48:25
930,Mumbai Warehouse,247,24,2026-04-19,True,2025-08-26 03:17:36,2026-06-30 05:38:34
931,Hyderabad Warehouse,374,25,2025-11-16,True,2025-08-02 21:50:35,2026-06-30 06:35:51
932,Hyderabad Warehouse,180,44,2025-11-03,True,2025-08-14 00:36:17,2026-07-02 09:02:26
933,Bengaluru Warehouse,348,30,2025-09-05,True,2025-11-19 18:09:00,2026-06-24 02:24:39
934,Chennai Warehouse,434,22,2026-02-03,True,2025-11-24 12:54:33,2026-07-12 15:08:38
935,Hyderabad Warehouse,487,42,2025-12-27,True,2025-10-12 19:42:06,2026-06-22 05:11:56
936,Bengaluru Warehouse,46,26,2025-11-25,True,2026-06-15 10:48:42,2026-07-10 02:38:27
937,Delhi Warehouse,188,40,2026-02-28,True,2025-10-28 12:46:13,2026-07-03 01:30:31
938,Delhi Warehouse,69,36,2026-01-19,True,2025-10-16 14:31:52,2026-07-04 14:10:00
939,Mumbai Warehouse,374,14,2026-05-24,True,2025-11-18 08:21:07,2026-06-18 23:39:29
940,Delhi Warehouse,268,30,2025-08-01,True,2025-12-20 09:18:21,2026-07-09 05:59:06
941,Chennai Warehouse,138,15,2025-11-07,True,2025-10-31 04:24:45,2026-06-23 20:18:43
942,Mumbai Warehouse,321,31,2026-04-19,True,2026-04-13 16:13:05,2026-06-18 07:33:33
943,Bengaluru Warehouse,393,13,2026-01-26,True,2025-08-15 18:01:05,2026-06-19 16:01:12
944,Bengaluru Warehouse,194,10,2026-07-13,True,2025-12-06 17:53:02,2026-07-12 07:18:02
945,Delhi Warehouse,284,32,2026-01-14,True,2025-08-12 13:41:22,2026-06-17 13:05:47
946,Chennai Warehouse,216,29,2026-04-01,True,2026-05-03 00:00:08,2026-06-20 09:16:59
947,Bengaluru Warehouse,244,20,2026-03-27,True,2025-12-10 15:48:30,2026-07-04 08:24:13
948,Mumbai Warehouse,150,37,2025-10-10,True,2026-06-04 22:28:00,2026-07-15 12:14:14
949,Bengaluru Warehouse,79,41,2025-12-28,True,2026-01-23 21:41:08,2026-06-19 15:10:51
950,Bengaluru Warehouse,304,33,2025-11-22,True,2025-10-10 21:54:33,2026-07-08 22:48:33
951,Chennai Warehouse,463,33,2026-05-03,True,2026-01-09 02:25:24,2026-06-25 01:33:38
952,Hyderabad Warehouse,356,15,2026-02-09,True,2025-12-02 00:31:08,2026-07-11 18:26:07
953,Chennai Warehouse,355,32,2026-05-17,True,2026-06-13 05:47:51,2026-07-09 19:40:28
954,Bengaluru Warehouse,5,11,2025-11-20,True,2025-08-03 21:42:57,2026-07-10 08:07:19
955,Delhi Warehouse,261,33,2025-07-19,True,2025-08-07 10:00:35,2026-06-24 04:55:39
956,Mumbai Warehouse,219,10,2025-11-11,True,2026-02-15 01:12:41,2026-07-16 06:06:04
957,Chennai Warehouse,188,34,2026-04-05,True,2025-11-27 08:03:23,2026-07-05 03:43:42
958,Delhi Warehouse,327,18,2025-10-31,True,2025-11-24 10:51:54,2026-07-14 02:05:50
959,Mumbai Warehouse,406,10,2025-07-16,True,2026-05-03 18:54:40,2026-06-24 07:32:15
960,Chennai Warehouse,146,33,2026-04-06,True,2026-03-10 19:28:49,2026-06-29 02:05:10
961,Mumbai Warehouse,252,37,2026-05-06,True,2025-12-13 11:54:09,2026-06-20 09:00:17
962,Hyderabad Warehouse,489,25,2026-05-25,True,2025-07-27 15:14:47,2026-06-25 16:37:14
963,Hyderabad Warehouse,359,35,2025-08-13,True,2026-01-09 13:38:26,2026-06-18 09:00:56
964,Mumbai Warehouse,491,30,2026-01-26,True,2026-01-15 10:20:16,2026-06-17 04:01:27
965,Mumbai Warehouse,236,47,2025-12-01,True,2026-02-09 23:53:37,2026-07-01 10:35:52
966,Delhi Warehouse,88,49,2026-06-14,True,2025-12-28 12:54:55,2026-06-23 19:33:32
967,Chennai Warehouse,210,25,2025-08-18,True,2025-12-21 08:33:55,2026-07-13 09:06:10
968,Bengaluru Warehouse,101,17,2025-08-09,True,2025-12-08 20:39:39,2026-07-11 10:42:59
969,Chennai Warehouse,38,17,2026-01-21,True,2026-06-07 07:43:51,2026-06-26 23:08:14
970,Mumbai Warehouse,152,33,2026-06-13,True,2025-08-30 22:40:57,2026-06-23 10:26:48
971,Hyderabad Warehouse,203,27,2026-01-13,True,2026-04-10 02:39:02,2026-07-14 08:41:07
972,Mumbai Warehouse,62,31,2025-08-01,True,2026-04-04 12:02:57,2026-07-01 14:21:36
973,Chennai Warehouse,63,12,2026-05-29,True,2025-09-29 02:22:30,2026-06-21 15:09:28
974,Delhi Warehouse,159,41,2026-05-06,True,2025-09-18 07:03:00,2026-06-20 09:01:37
975,Chennai Warehouse,441,45,2026-02-17,True,2026-03-23 19:44:53,2026-06-16 16:40:56
976,Bengaluru Warehouse,310,39,2026-04-01,True,2025-11-03 17:51:33,2026-07-12 21:33:10
977,Chennai Warehouse,277,36,2025-08-01,True,2025-08-12 00:51:40,2026-06-26 10:32:52
978,Delhi Warehouse,207,31,2025-09-10,True,2026-05-06 19:11:30,2026-07-05 07:49:15
979,Hyderabad Warehouse,13,36,2026-06-20,True,2025-11-19 11:51:38,2026-07-10 02:39:52
980,Bengaluru Warehouse,435,10,2025-07-26,True,2026-05-06 17:09:40,2026-07-11 02:20:19
981,Chennai Warehouse,84,46,2025-09-20,True,2026-03-05 06:35:34,2026-07-02 06:43:38
982,Chennai Warehouse,330,14,2025-10-01,True,2026-05-07 00:41:31,2026-06-23 23:10:18
983,Bengaluru Warehouse,167,32,2025-07-26,True,2026-02-18 03:17:07,2026-06-25 15:19:41
984,Bengaluru Warehouse,140,50,2026-06-16,True,2026-01-08 00:45:26,2026-07-06 23:48:38
985,Delhi Warehouse,303,13,2026-04-04,True,2025-09-26 14:33:05,2026-07-14 14:39:13
986,Mumbai Warehouse,161,22,2025-08-20,True,2026-03-18 22:28:29,2026-07-06 23:07:06
987,Hyderabad Warehouse,46,33,2026-04-17,True,2025-12-04 08:53:29,2026-06-29 10:31:28
988,Bengaluru Warehouse,318,12,2026-03-29,True,2026-04-10 05:34:17,2026-06-24 12:12:21
989,Chennai Warehouse,263,34,2026-03-26,True,2026-04-09 14:52:20,2026-06-23 05:45:27
990,Chennai Warehouse,493,35,2026-06-18,True,2026-02-05 06:29:06,2026-07-05 22:07:07
991,Mumbai Warehouse,325,19,2026-05-28,True,2026-04-11 06:47:40,2026-07-11 21:38:31
992,Delhi Warehouse,256,10,2025-07-16,True,2026-03-08 21:11:09,2026-07-04 16:40:02
993,Mumbai Warehouse,75,48,2026-02-07,True,2025-08-13 06:10:24,2026-07-15 04:40:14
994,Bengaluru Warehouse,124,14,2026-05-31,True,2025-09-24 00:07:49,2026-06-17 01:33:07
995,Delhi Warehouse,65,35,2026-05-09,True,2026-01-20 12:51:35,2026-06-28 13:31:28
996,Bengaluru Warehouse,396,45,2025-11-16,True,2025-11-25 22:23:50,2026-06-22 13:13:38
997,Hyderabad Warehouse,85,35,2025-07-26,True,2026-04-13 20:52:15,2026-07-04 16:26:12
998,Bengaluru Warehouse,113,33,2026-02-12,True,2026-03-07 05:36:51,2026-06-18 12:31:31
999,Bengaluru Warehouse,311,50,2025-08-02,True,2026-05-03 12:51:04,2026-06-23 14:20:59
1000,Mumbai Warehouse,3,31,2026-05-01,True,2025-12-06 21:50:43,2026-06-17 15:06:19
